Avg_Degree,Lower_Bound_R0,Actual_R0,MPC Direct,MPC Lower Bound,MPC R0,Duration Direct,Duration Lower Bound,Duration R0,Avg Interval Direct,Avg Interval Lower Bound,Avg Interval R0
2.05,2.2499999999999982,2.2809220342858287,65.63310734249391,61.27635200466159,61.283645908645596,0.5662187919951975,0.05845695800962858,0.0597610000113491,28.450385913090425,21.29130060723043,21.279557457030283
3.3,3.5995869819393502,3.734226568000715,95.83854587588272,72.74350492345096,72.93491904406923,0.6668750419921707,0.07156254099390935,0.0811337079940131,28.363351762047795,21.29127951826987,21.256995662569754
4.55,4.827708124037969,5.094874345322616,109.4796635590208,79.33957955686294,79.7701809056338,0.9946098749933299,0.08736383299401496,0.08884562499588355,28.293290225291404,21.29129281401813,21.240298278587336
5.8,5.034938791789024,5.747695563010483,118.68460991707045,84.69712943468522,86.30811756175251,0.9963469170033932,0.08334604199626483,0.08720479201292619,28.3245786233709,21.291299067880534,21.15638461679541
7.05,6.0260506443052595,7.005502874508806,124.27045440477711,88.58436892080883,90.76188490020539,1.22833924999577,0.08401754200167488,0.09392916700744536,28.290344892995186,21.291253139784462,21.134715214926306
8.3,6.689533364335899,8.066235666133618,128.0789978072816,91.94445598920228,95.20779750965107,1.398253207997186,0.09434154198970646,0.10459120900486596,28.287153633548193,21.291274982898198,21.08764984548848
9.55,7.160476789603446,9.08122068233254,131.02096757302704,94.85235699186963,99.86411951987208,1.5582680829975288,0.0939028330030851,0.10176416698959656,28.281964371093057,21.291281664780957,21.01649118036819
10.8,7.9522915200480995,10.115093652748644,133.26622990909712,97.25277057123314,102.88372571550119,1.9433409579942236,0.10338074999162927,0.1170904589962447,28.269135875884746,21.28165683601515,20.995656476231385
12.05,8.511883134474118,10.925140173373466,135.17808844374764,99.80966931169431,106.65222266151127,1.9709808750048978,0.09803049999754876,0.1160486670123646,28.297259454850266,21.259521403933494,20.9429302278499
13.3,9.319402564688602,11.95194440187761,136.6117406456182,101.68809654922853,108.94350609345312,1.9583242919907207,0.10307249998732004,0.11508433400013018,28.2907529013206,21.25356396035892,20.93338581879266
14.55,10.259572139070787,13.061069788528624,137.71378901294992,103.86968864839164,111.78993114872974,2.5381425420055166,0.10389854200184345,0.11775570799363777,28.283296715296366,21.22406327038698,20.89319221358164
15.8,10.976991097639043,14.081713260592188,138.69338401892705,105.99333849714981,115.2295665491765,2.6688082500040764,0.11488337499031331,0.12223983400326688,28.28406514104382,21.198963622128975,24.998897187568772
17.05,11.339273167265372,15.115141365093612,139.53570975252364,106.97206590663264,118.05006028223076,2.6876210409973282,0.11989050000556745,0.13253070799692068,28.284445890974343,21.21494256904411,24.941059508064246
18.3,12.433041169532927,16.049234874405325,140.27749562406612,110.23355202690982,121.95471621073689,3.1633936659927713,0.12995283299824223,0.14780308298941236,28.296624095148836,21.135143768636397,24.834277706291477
19.55,13.22124774503337,17.288254824740296,140.86694758915067,110.57893971487711,122.37013023475917,3.7353491660032887,0.13623941599507816,0.14677354200102855,28.276646404295544,21.161794274991724,24.864145532367306
20.8,14.163853615027953,18.452399488687377,141.4382055142129,111.35835556927478,122.79881300619078,3.6605373749916907,0.14403675000357907,0.15422599999874365,28.27401153677599,21.169161735734296,24.89394195741496
22.05,15.229636502601615,19.63611760749815,141.90261258274396,112.46592298706489,123.50519917465078,4.125275166996289,0.14240075000270735,0.1798109170049429,28.26026806347128,21.161554408203987,24.905916748151604
23.3,16.754357498498255,20.753018246379646,142.34354589684332,114.8012874018332,124.70378070603942,4.175454334006645,0.16165587499563117,0.17304850000073202,28.26045042338359,21.10631155224263,24.894699506738245
24.55,17.673196700695428,21.740805108037268,142.75141937204793,116.47948066502245,126.50054760135099,4.3647393330029445,0.1626034590008203,0.17251037500682287,28.25632331006376,21.077837292100302,24.85547632201826
25.8,18.7587261821615,22.85240171282256,143.1067845782104,117.0664700515019,126.50400828872216,4.75304862500343,0.173445291002281,0.17402550000406336,28.26134096422202,21.08268707300519,24.89109116703454
27.05,21.029515197341276,23.976598218157317,143.4329992875478,120.43844894347576,127.11822081183195,5.0039144170004874,0.17440691599040292,0.1794696249999106,28.251099246498594,20.989791223847956,24.898258474061098
28.3,22.132064346477122,24.802299985808954,143.75772973388828,122.74362758697353,128.7973210623655,4.886739042005502,0.194388167001307,0.18176770801073872,28.26738974932442,20.938666088287686,24.858255361426785
29.55,23.11948801680177,25.773774330692312,144.0294972222471,124.79649798649602,130.6635709125756,5.290231582999695,0.1829585419909563,0.17952404099924024,28.263890015669986,20.894645215054474,24.801667503107943
30.8,23.579540545883553,26.63665742771846,144.28977313341133,125.94583105361482,132.59178823505704,5.669133250004961,0.1825082090072101,0.18154808301187586,28.26809213061073,20.88124244544279,24.73723565203816
32.05,24.424221671573136,27.539921217268738,144.5229127252634,127.97214062982842,134.51935732309707,5.292934457989759,0.1861558749951655,0.18573520799691323,28.27963643554657,20.834982573195184,24.66251960283913
33.3,25.665734483651683,28.661188180333507,144.73366894527692,128.5375061462211,134.4617667620431,6.228874167005415,0.1915489160019206,0.19223562499973923,28.27631610586541,20.834102082789443,24.69418750882649
34.55,27.03263182072439,29.65044880822348,144.92334884574433,130.66074459519604,135.62569896847427,6.986278582990053,0.18853291700361297,0.19875579100335017,28.282067004347688,24.926633220424158,24.652926833211232
35.8,28.713469997100056,30.740775650442725,145.10387359654314,132.17025062948176,135.79412575717396,6.3560459580039605,0.1861351670086151,0.19963216700125486,28.28092548922898,24.87507297316116,24.66941856717045
37.05,30.579947300412552,32.00331238575867,145.26654886371327,132.80022021931364,135.1665292754184,6.452516124991234,0.17812620800395962,0.19675258299685083,28.271146793355218,24.86122100243633,24.728351635619767
38.3,31.84069282409383,32.99764950408367,145.44079894527272,134.03538015751087,135.86723399203134,6.720016375009436,0.17009979199792724,0.16961212499882095,28.26700895989048,24.820313452552064,24.712825587792103
39.0,33.55942931065111,33.559429310651225,145.54345063137015,136.19354207207576,136.19352825838268,6.81802437499573,0.1704322500008857,0.16197608300717548,28.274456095364727,24.7076458199848,24.70764988494947
2.05,2.2499999999999982,2.2809220342858287,65.63310734249391,61.27635200466159,61.283645908645596,0.6030475839943392,0.05848466600582469,0.06278583299717866,28.450385913090425,21.29130060723043,21.279557457030283
3.3,3.4545139303349544,3.667808819884916,95.52637094780819,71.61717674023546,71.93793124107874,0.8804957919928711,0.0789855840121163,0.08580091600015294,28.381691873589116,21.291282840269336,21.234475769039545
4.55,3.688022258657061,4.523079911402821,109.73606499689913,79.23676975013913,81.48208839081524,0.9253605000121752,0.0786999999982072,0.0744364160054829,28.381185335377875,21.291277384056425,21.07048437958084
5.8,4.451673532547426,5.6016453874649565,118.71810333637998,85.12164235904524,88.57397753328718,0.8146668749977835,0.08578799999668263,0.09030095799244009,28.330747547299573,21.291277924620776,21.02991489253057
7.05,4.451673532547426,6.416288838823992,124.3763028043251,88.9620225935015,97.55235735507509,1.0761696659901645,0.08430033299373463,0.07420929199724924,28.36239511621304,21.291277924620776,24.954735277449316
8.3,5.268280237065598,7.551253943458498,128.10840561471107,92.23008089961505,101.39130471105899,1.148504500000854,0.0894824580027489,0.08696091700403485,28.336995119611885,21.29130421741084,24.967462137891424
9.55,6.7174047800168175,8.97638979432913,130.87798779106703,94.8281512857565,101.64069248604261,1.5363701669994043,0.09489408299850766,0.11485245899530128,28.297160792509963,21.29127516446497,20.93404566166439
10.8,7.802799696060434,10.10982159386778,133.09687743847388,97.58615520811603,104.23346206006367,1.4877485839970177,0.09527070900367107,0.1297406669909833,28.271258737302094,21.26695163572833,20.93922302819198
12.05,8.6459112169338,11.170596395505669,134.85613655110689,99.49837932846434,106.42068731985816,1.7346544159954647,0.10512183399987407,0.11819129200011957,28.273528851623325,21.264932936810663,20.940926019978615
13.3,9.500073405180842,12.26161728417186,136.34837596783228,101.63895595707426,109.10265443819974,2.092003375000786,0.10826216700661462,0.12191812500532251,28.257669975780463,21.25296815759187,20.920493675329954
14.55,10.428019616150769,13.286348259248367,137.56134216584468,103.65156271265369,111.32343182908589,2.087166042008903,0.10996937500021886,0.12385470799927134,28.249048393398176,21.23085118530423,20.903855670424946
15.8,11.097178614530485,14.271230136191603,138.6378179709928,104.99796029225361,113.29911159271464,2.9989145830040798,0.1178075420029927,0.13826245900418144,28.259930089315606,21.233922170131297,20.892482680031453
17.05,11.775693936403293,15.26330040981505,139.50697821862073,107.00058418887784,116.62821942657904,3.1467171249969397,0.12816412499523722,0.13536320799903478,28.26248706198465,21.20897199843831,24.997624825192325
18.3,12.842410488859915,16.27529077261407,140.2830770948182,108.5974422214983,117.69295550767947,3.3681928329897346,0.13898958299250808,0.14715037499263417,28.263710245320905,21.19117666228213,20.843008000432352
19.55,14.429760104238646,17.366861212250498,140.89941905841619,111.71241366938845,119.844408277366,3.5004397080047056,0.15424441700452007,0.15286229099729098,28.260378396774257,21.108707708668074,24.969358618593965
20.8,15.057432185477836,18.353338083219942,141.46835587040195,113.38993991675554,122.63800316254489,3.258513833003235,0.14442470800713636,0.1496693750086706,28.267196636306842,21.089949169073588,24.901185983728197
22.05,15.764007161204605,19.463204250894627,141.948364945243,113.91180048841765,123.66801624821251,3.6553453329979675,0.1511219169915421,0.15499804200953804,28.273426968051957,21.107122944552568,24.90199509156209
23.3,16.712100618063488,20.482319756809478,142.3911876713366,115.30030708147562,125.03632397921197,4.160057250002865,0.16746729200531263,0.16838541699689813,28.277340362764797,21.089367409947595,24.8847435912713
24.55,17.487503406389596,21.55068399795756,142.77851470511627,116.2684258155876,126.41368454805438,4.902801541000372,0.17108116700546816,0.17526225000619888,28.27585036157536,21.08566763754016,24.862451289101777
25.8,19.009758492908027,22.581014743834103,143.1416171236616,118.52409331245238,127.27669478736864,4.841840207998757,0.16691854200325906,0.1763832500000717,28.271265175277946,21.0336149307818,24.8614007816578
27.05,19.6422346067586,23.598052733923108,143.47135619720785,119.42605597983018,128.84369824124468,4.70160295801179,0.17329599999357015,0.17345500001101755,28.265962641153877,21.0301792509826,24.823852493877208
28.3,20.845618876820467,24.558160295320178,143.77488599628995,121.90786457833558,130.7042436555671,5.119559541999479,0.17241395800374448,0.1774789590126602,28.277589303455766,20.972494634180446,24.770525511277462
29.55,22.2343185260966,25.56037787605931,144.0432175073157,124.7986327340644,132.45050048721845,4.995868333004182,0.19357145798858255,0.18427712499396876,28.2731529445677,20.899380269371658,24.71399062669436
30.8,23.538592881495155,26.72249775934361,144.2803404402868,125.36645438542105,132.22735535425886,5.30672483399394,0.19020591699518263,0.19524862499383744,28.27434115068253,20.899424068486713,24.754301575964625
32.05,24.654206469767978,27.776208796303987,144.50475318849794,126.39405088924177,132.80420697331738,5.909008082991932,0.20501441600208636,0.20600970801024232,28.2716325606035,20.885086840213244,24.75324952188878
33.3,26.023150199295824,28.89059479584902,144.71575682147994,127.43936294987725,132.9839642031453,5.517779499990866,0.2043335000053048,0.19241175000206567,28.2663284584822,20.86791952310861,24.770625390369766
34.55,27.187432083894834,29.896136810410997,144.91156302920788,128.80915798467558,133.7944121450181,6.050264833000256,0.20307583299290854,0.20547608299239073,28.266954233497515,20.84004176571143,24.754866674431153
35.8,28.341648032433355,30.90173323736724,145.1002249715845,130.3290860117303,134.85207977746467,6.2365480000007665,0.1830768329964485,0.20022908299870323,28.27351076876991,24.962538234695014,24.721939240329313
37.05,30.278967946658227,31.986701893498765,145.268126251443,132.02306050350998,134.87881249922197,6.592082916991785,0.18155575000855606,0.18987887499679346,28.270963846394224,24.90131292916991,24.745389387958166
38.3,31.402051557228177,32.94260259050553,145.43618134061668,133.61100993105168,136.07452015016457,6.215936333013815,0.1746614169969689,0.1759275000076741,28.27367783010392,24.844410655592732,24.70061428921695
39.0,33.55942931065111,33.559429310651225,145.54345063137015,136.19354207207576,136.19352825838268,6.822120249998989,0.17611720800050534,0.1640714169916464,28.274456095364727,24.7076458199848,24.70764988494947
2.05,2.2499999999999982,2.2809220342858287,65.63310734249391,61.27635200466159,61.283645908645596,0.59445712500019,0.05754312500357628,0.06151579100696836,28.450385913090425,21.29130060723043,21.279557457030283
3.3,2.9481840965329607,3.1616813556559067,96.81648046027493,71.99604857547845,72.36367871600473,0.6904332080011955,0.06387229199754074,0.06907800000044517,28.459384691523805,21.29140140638002,21.230953169839882
4.55,3.898644476797521,4.572322357543589,109.8547139764265,79.5304883315189,81.09506444860347,0.8640163749951171,0.07924083298712503,0.07432983399485238,28.415393935257022,21.29127627626224,21.13240421524373
5.8,4.540061604920847,5.6505724385788945,117.93218873252904,84.41516981275905,87.47884021710219,0.8111223750020145,0.08420291700167581,0.08902341600332875,28.393856246932202,21.291280345822276,21.053627837510835
7.05,5.193058075038294,6.787112488665304,123.51334632703849,88.47835638877409,93.37152484293709,1.1470277500047814,0.08892554200429004,0.09243012500519399,28.368430564014556,21.291303459578025,20.97680701026155
8.3,6.222099796264031,8.002792918227577,127.68152848691258,91.80865268708172,96.81841740494022,1.3086998750077328,0.09185245799017139,0.10383537500456441,28.331352944551682,21.291260975421466,20.997498992096677
9.55,7.40220423634619,9.235807794601786,130.79035456164107,94.95282219548355,99.74175217403071,2.3519067910092417,0.10272208400419913,0.10929083300288767,28.289449694397568,21.275013251521937,21.013671866257905
10.8,8.126777341210342,10.184323582855477,132.9950055168494,97.62041284393686,103.24284545157684,1.9239349999988917,0.10986058400885668,0.12511312500282656,28.29760794891032,21.256708317398473,20.977569003719555
12.05,9.36930626592528,11.269130333371209,134.81371279319734,100.78120953867057,106.18213132946087,2.4146816249995027,0.11688245800905861,0.12847908299590927,28.277578783525332,21.19924490483635,20.950606436371697
13.3,9.784257075567098,12.13130465460969,136.45193006683374,102.74914255436485,109.7200907221331,2.6590406250033993,0.12245325000549201,0.1447453750006389,28.288265782706247,21.200957056969145,20.90055082973619
14.55,10.681633198551005,13.199634199444796,137.61234082201128,104.86805286689295,112.48334333155057,2.7115010839916067,0.11810533299285453,0.1484654160012724,28.28357038908139,21.17490623027784,20.86290265417453
15.8,11.595985195427643,14.287487818562052,138.60712920081392,107.27478808602277,115.65797946783718,2.992883166996762,0.13101887500670273,0.13382179199834354,28.27565327112745,21.13989855572807,24.973289318144495
17.05,12.853944400838431,15.460469580201195,139.44442007783584,108.97445570795283,116.53809111096072,3.582977625002968,0.13908262499899138,0.16620249999687076,28.26687485818508,21.12392304618654,20.834087361089207
18.3,13.456703989895924,16.43069862073385,140.23084832763746,109.8543218757892,118.10002582380896,3.6626864160061814,0.1444324579933891,0.14752500000759028,28.26274293150575,21.138093998487328,24.992144006741192
19.55,14.839328157254787,17.477540278923517,140.88043252779266,112.35467724432843,119.66935890118869,3.996541625005193,0.14688166699488647,0.14787749999959487,28.263424852028045,21.0838444053488,24.977386085637455
20.8,15.538713382167952,18.489360360468357,141.43885550594294,114.04140018244047,122.28104314159914,3.8060144999908516,0.15331229200819507,0.15993058399180882,28.26293566739305,21.06331446418889,24.91455244654726
22.05,16.286089122973685,19.472804399030192,141.9271603028174,115.39781167275191,124.19111560196625,3.566221291999682,0.15860945898748469,0.17816433300322387,28.26693122438012,21.050943775306173,24.87714284696206
23.3,16.818268819290264,20.450829231459792,142.3717266059424,116.15105409796224,125.91167230132541,3.9700752080098027,0.17105083400383592,0.16534820800006855,28.271716288609245,21.05844840940644,24.843612968130103
24.55,18.080717803068474,21.537866533331556,142.77548684515347,117.71711095922481,126.60154743747876,4.806347999998252,0.15639641700545326,0.1625542499969015,28.269781954034794,21.032520747234326,24.85210407015877
25.8,19.71537310891422,22.647557483204338,143.13944858858196,120.13005490619557,127.41338336698107,4.098102457995992,0.15554024999437388,0.1596312079927884,28.264605009170168,20.975425583010086,24.85143483968372
27.05,20.51352657438728,23.54772879331078,143.47689132916702,121.52559035835887,128.94646301039128,4.452427790994989,0.15948612500505988,0.165213041997049,28.26461958736002,20.95662767414885,24.818753067485495
28.3,21.51643068906627,24.67420899900019,143.76066101621257,121.95149611285937,129.21396335751314,5.116118374993675,0.1651808339956915,0.16960829100571573,28.264199802937075,20.965269383596684,24.837395252836146
29.55,22.626177164773065,25.7241551523149,144.0187057076701,123.43183274947837,130.32921434093237,5.90848866700253,0.17986383300740272,0.1779199580050772,28.261239270381168,20.93853802663619,24.815466208350834
30.8,23.877386904928386,26.582243019669516,144.29271485559497,125.96336564506328,131.85883437328488,4.8098522079963,0.1805891249969136,0.17833812499884516,28.282868571295456,20.878276304609688,24.77501749808355
32.05,24.951951438693904,27.72214054883534,144.50785106613336,126.5514302224489,132.25936358181332,5.520558374992106,0.18725070799700916,0.18443883299187291,28.268345732777444,20.878198640621964,24.782027463364702
33.3,26.68526658211794,28.89546833479944,144.71704826482775,128.1328681490153,132.35881253133823,5.35742654101341,0.18943904199113604,0.18850737498723902,28.27112633254581,20.841785969961478,24.80288763695829
34.55,27.6415624439773,30.030851506179317,144.89885597639778,128.3914120450956,132.7348486478119,6.864648832997773,0.19624412500706967,0.19821104199218098,28.258979914868252,20.8515175014259,24.80858215420458
35.8,29.250259871454247,31.02801889335484,145.08426760382093,130.7650805600249,133.85237211473572,6.420505083995522,0.1886844580003526,0.20309491599618923,28.260696312253877,24.93714695014487,24.775641660337648
37.05,30.44494421989984,32.040300492038696,145.26257750383903,131.98028526889928,134.63143346208068,6.053394417001982,0.18248970800777897,0.20239329199830536,28.25922134212336,24.902173274255667,24.75839516588119
38.3,32.012307790091256,32.94195084559979,145.4368066397913,134.32884673412073,135.8057243987608,5.884827999994741,0.1722056670114398,0.17547466600080952,28.27462483838022,24.80437974562662,24.717292869305684
39.0,33.55942931065111,33.559429310651225,145.54345063137015,136.19354207207576,136.19352825838268,6.726240082993172,0.16785600000002887,0.15833308298897464,28.274456095364727,24.7076458199848,24.70764988494947
2.05,2.2499999999999982,2.2809220342858287,65.63310734249391,61.27635200466159,61.283645908645596,0.5889614999905461,0.057445290993200615,0.06081766600254923,28.450385913090425,21.29130060723043,21.279557457030283
3.3,3.1293475553669645,3.646217331412641,96.0526159734823,72.8802115808271,73.93093737059236,0.7018046250013867,0.06916099999216385,0.07067529200867284,28.404042314908768,21.291285552228633,21.128981885247573
4.55,4.063631563026814,4.708757396966152,109.81063658550572,79.74100630291109,81.27000804556266,0.8465777499950491,0.07880829200439621,0.07868545799283311,28.3790764163956,21.291274274460545,21.13850300607768
5.8,5.445034789495651,6.27367719986603,117.5684510360928,84.72427702305592,86.46599523406199,1.04496895900229,0.08572833299695048,0.0914163749985164,28.28061596138373,21.291303662551655,21.14215997578015
7.05,6.519037589558425,7.516909353504208,123.41489376005912,88.86108920006237,90.93164884219661,1.0660364999930607,0.09153966700250749,0.09548141600680538,28.235903240419393,21.29126958472745,21.14037471530952
8.3,7.008788754596466,8.416778853079954,127.83928571128104,92.1221582572794,95.34363195530065,1.3591989999986254,0.09377958299592137,0.09748391600442119,28.25577447864849,21.291280174007984,21.090484013079607
9.55,7.788798381424403,9.417897664921448,130.69239684970475,95.30197564380799,99.33672712574494,1.604033832991263,0.09564679200411774,0.09847812500083819,28.25023555422139,21.264349629859883,21.041105184886053
10.8,8.634886373416787,10.442112784224516,133.04464203442075,98.24238799822665,103.0148030036028,1.5483354589960072,0.09724045899929479,0.11049029199057259,28.241824499687404,21.232683115828298,20.992984041352553
12.05,9.538080138178472,11.707800873800334,134.61460736591195,100.38528369772055,106.12546322888068,2.26635754200106,0.10656941600609571,0.12014445799286477,28.22698327651048,21.219579089658158,20.94897946145095
13.3,10.121244592393136,12.600881133304544,136.16857282710905,102.17400686460897,108.71798882826018,2.3025909999996657,0.11061674999655224,0.12373720901086926,28.230757350551354,21.22186812704698,20.92918753031271
14.55,10.661674764347913,13.57663455974985,137.4014585084576,104.28969629575874,112.51928345110059,2.301899957994465,0.11678587501228321,0.13433158298721537,28.23476290811142,21.203175226691396,20.858161925535352
15.8,11.826815257102336,14.62496778107698,138.47900954372435,106.64463369323956,114.54627300185982,3.0436065420071827,0.12782587499532383,0.14222700000391342,28.239633699891534,21.163923913136426,20.847060253560667
17.05,12.760730804661069,15.605382873101934,139.3745268615229,108.8789403883053,117.1013548270339,3.5137264169898117,0.12783645901072305,0.1410033749998547,28.24232160014898,21.127289933235534,24.97088177152653
18.3,13.533347293702764,16.706859750718316,140.12240293873586,109.77362664828244,118.42722441867265,3.500368915993022,0.13182641699677333,0.13447612499294337,28.246627963297385,21.13929147232832,24.971406359689844
19.55,13.903927732680295,17.608845808370198,140.80230025998418,110.6277523474131,120.59456251228428,3.469612791988766,0.1392672079964541,0.14139070799865294,28.249344562309627,21.15176190446552,24.93241881540667
20.8,15.058643536993245,18.60001165333211,141.38411751478142,112.93028326221949,122.56018254485642,3.6046700830047484,0.14374879200477153,0.15260995899734553,28.25821862781861,21.104516793015307,24.89870540470657
22.05,15.430135519832639,19.714970448243587,141.886314291859,112.30246495570881,122.73577363620203,3.5975148329889635,0.13875379200908355,0.15201695800351445,28.25086739720724,21.16289386639226,24.93398097886831
23.3,16.796782590290626,20.857954159014096,142.33355376974083,113.6378774759692,123.00634054947939,3.944035458000144,0.14953750000859145,0.15538708299573045,28.244905759765015,21.14238119495688,24.96207892832824
24.55,17.904572761814485,21.826537230759495,142.74137792528742,115.62310267890203,124.74354721775607,3.980958375002956,0.15263679200143088,0.1580544159951387,28.24730919728495,21.102466517196625,24.928525678893106
25.8,18.807911699176667,22.91923262249533,143.10070852688713,116.59049483286647,125.77890002324952,4.246727999998257,0.1583870000031311,0.16740962499170564,28.24965444219398,21.097218501894904,24.919991890919583
27.05,19.49851913090465,24.02310501453806,143.42574343944656,116.96984015566363,126.58118666261592,4.793242124986136,0.16304158300044946,0.17330600001150742,28.244576893094493,21.109926078045373,24.917638074704122
28.3,21.244111904801947,25.1228695162253,143.72489593631724,119.00588131435684,127.03421229801135,4.6346852499991655,0.17939579198719002,0.182353709009476,28.242154158479245,21.062002996971284,24.930851732184948
29.55,22.122369229630202,25.937684069781085,144.0228007042799,120.94274870553238,128.95991276087642,4.884748750002473,0.17246291699120775,0.17853900000045542,28.258610827126315,21.021937685103463,24.878697940684624
30.8,22.777633658500022,26.79308106529425,144.28169591795776,122.48382821568771,130.91054583870235,5.466001833992777,0.17884004100051243,0.18297879199963063,28.263261988955207,20.995358265335792,24.81947488631216
32.05,24.573535939924813,27.90219132915318,144.50456169891646,124.97322148282403,131.69851508975614,5.265433292006492,0.18701495799177792,0.18512612499762326,28.26674225485682,20.930922692617816,24.808243889144528
33.3,25.66941697557455,28.80261564976659,144.72350529816427,126.97648012225886,133.12634501035433,5.775093125004787,0.19330850000551436,0.1960923750011716,28.269981135284677,20.88501924175247,24.76479071755613
34.55,27.281378741408172,30.052463524855764,144.91078212820807,127.65733731317383,132.72918972370195,6.242915916998754,0.18565258299349807,0.1926509999902919,28.264931457550272,20.877853686924826,24.80954025571298
35.8,27.65183769193289,30.916794021884243,145.09569928519113,128.4397519308423,134.2908794295648,5.955073250006535,0.19214137499511708,0.20362483299686573,28.27383832384224,20.87229409452213,24.754233870074156
37.05,29.850999226978402,31.92052493939319,145.26725423042384,131.82199177567287,135.31748297632092,6.395319999995991,0.18924162500479724,0.20025437499862164,28.271267604309855,24.913117742217427,24.72080150368338
38.3,31.772074222651078,33.02928939568353,145.44092600644566,133.37155730385817,135.37084176929352,6.776540332997683,0.1682509999955073,0.16695204199641012,28.27958005835731,24.855357958930455,24.742097990208812
39.0,33.55942931065111,33.559429310651225,145.54345063137015,136.19354207207576,136.19352825838268,6.753905374993337,0.16848766600014642,0.16311883299204055,28.274456095364727,24.7076458199848,24.70764988494947
2.05,2.2499999999999982,2.2809220342858287,65.63310734249391,61.27635200466159,61.283645908645596,0.6050049170007696,0.060623708995990455,0.06376337498659268,28.450385913090425,21.29130060723043,21.279557457030283
3.3,3.329475934260088,3.5401493222668035,96.46313643416632,72.19927564599922,72.52921179541383,0.7632059160096105,0.0762920419947477,0.06967595900641754,28.402680338438852,21.291285139939337,21.233728326563867
4.55,4.12529239302092,4.633950808429384,110.41845377669836,79.57082164097213,80.68231441000728,0.8010681250016205,0.08141924999654293,0.08593404199928045,28.36604698556381,21.291273858913492,21.175667404658594
5.8,4.702370140285361,5.6268029784041165,118.77530304820986,84.90867630371106,87.34542025335504,0.9167352500080597,0.08665375001146458,0.09030899999197572,28.34609162051147,21.291286550962006,21.10053063879663
7.05,5.884539545579527,6.87809313536164,124.13092341022461,88.69679984833188,91.0249444390957,1.016633915991406,0.08645233399874996,0.09754045800946187,28.31059443827877,21.29124510524957,21.129178184762832
8.3,5.975614060658213,7.659530425140474,128.20353926528628,92.17829846998714,97.19364579938811,1.0853175410011318,0.08700404199771583,0.09827220800798386,28.317376074093662,21.291249320716634,21.002840352699966
9.55,6.7869919306274085,8.814169379248737,131.0562713971945,94.99635151662214,100.8077779287573,1.3803213749924907,0.09692195800016634,0.11737816699314862,28.28987340550939,21.291277015881487,20.98141059155173
10.8,7.6809424974496725,9.905059893065483,133.3307892712906,97.79263144946812,104.39803117433374,1.905803083005594,0.10811137499695178,0.1278488749958342,28.293881535157425,21.26355379597435,20.941685948696755
12.05,8.3876020741443,11.030181908955278,135.0780483160851,100.01464256748251,108.07327894397076,2.359042291995138,0.11718337499769405,0.13620258300215937,28.28219097333736,21.252417622755203,20.88651747114771
13.3,8.675632421516436,11.894450722059144,136.58617678118733,101.8392941625033,112.27482881641336,2.486889457999496,0.11560179200023413,0.12744045800354797,28.293605499804926,21.25493287721328,24.97375851562942
14.55,9.351718000923992,12.899886064460595,137.7704893370387,103.17004957795139,113.95674130876327,2.714003874993068,0.12059141699864995,0.1373213329934515,28.29377917330489,21.263885623663388,24.982239692603635
15.8,10.8403854637489,14.04767361137918,138.72810257280017,106.02035065373441,115.86442031246577,2.7080272500024876,0.12310795800294727,0.1353146250039572,28.292526437548773,21.197040117608186,24.96988361650117
17.05,11.459032944594128,15.025745356013438,139.593004945947,107.38731699816438,118.14870347681767,3.0576066250068834,0.1326217500027269,0.1442225420032628,28.287447854612754,21.195479623230483,24.936061139052345
18.3,12.274956261122417,16.166049536218438,140.2987909318435,108.38908709036112,119.33226353785994,3.1208555000048364,0.13426366700150538,0.14760245800425764,28.278066853283608,21.20147961132263,24.940953367821187
19.55,13.13730469710871,17.255344502334456,140.91763280194527,110.2089811433531,121.81867504922013,3.3920318339951336,0.13533250000909902,0.1435727920033969,28.26730039023112,21.175680872378805,24.888206518448264
20.8,14.045129806377552,18.269696107718303,141.49928695556457,111.361468160702,122.75233253289521,3.9877515000116546,0.14036054199095815,0.15604904199426528,28.278332731312435,21.169006975245903,24.897657600418068
22.05,14.87159021603355,19.26931528049981,141.99061978912778,113.07550218205995,125.02919737900811,4.896958875004202,0.14482233399758115,0.16248575001372956,28.294911653901163,21.142703706067483,24.84610815909797
23.3,15.696183903949052,20.263095044326363,142.4329048805958,114.70059575165949,127.00480752322702,3.8140594589931425,0.1502016669983277,0.15802083398739342,28.281481226824052,21.118644871875677,24.801060189162232
24.55,17.121024166980472,21.546025742045146,142.79594067209104,115.37814949575211,126.10205901943507,4.500217749999138,0.1566154159954749,0.1643412499979604,28.267475440719696,21.119140620968697,24.876997697545757
25.8,18.600106919597135,22.543918460880008,143.1559283920223,118.03679040747798,127.68608780710409,4.207346416995279,0.15632454099250026,0.16465525000239722,28.267623681005787,21.05191029085239,24.842114631451174
27.05,19.568503298118664,23.58807806153054,143.47521466369386,119.65699662828054,129.3199740896046,4.565330292010913,0.1619155830121599,0.1691632500005653,28.264334888059643,21.02358092158607,24.80166971932523
28.3,21.61385967976588,24.656499636794308,143.7646018852887,123.4132238653973,130.56861177917415,4.4065656250022585,0.17914508299145382,0.1759159590001218,28.270044081206958,20.919280763051834,24.77450979407849
29.55,22.647829220366972,25.816844374917604,144.01955962513608,123.82699334652395,130.8143168756955,4.857642165996367,0.18003320800198708,0.18098808400100097,28.257856442494717,20.926767952484994,24.791520711265097
30.8,23.52312153495535,26.848040572743137,144.2682086307211,125.159685089029,132.2148347762452,5.305350874987198,0.1850689999992028,0.17935562500497326,28.259729567855334,20.905027226365135,24.75125468912378
32.05,25.39222097788666,27.747504628385165,144.50492197586078,128.90397225384697,133.71008490935031,5.516184332998819,0.17863808300171513,0.18708491600409616,28.271714236392334,24.952231723788767,24.702969762018324
33.3,26.86168974991891,28.922764337549875,144.7020195617359,130.1624597966568,134.09593454478764,5.750181708994205,0.1920830000017304,0.2044093750009779,28.260643182752716,24.916647480225684,24.70708410626885
34.55,27.75700206064389,29.949441262167536,144.90003451284332,130.47261479038212,134.48408673747463,6.41889612498926,0.18557091600087006,0.19409154199820478,28.26144840375444,24.92845716552152,24.713767209844583
35.8,29.207051203638187,31.031022297934022,145.08058315151303,131.30267553333206,134.46747050649017,6.738641959003871,0.18509716700646095,0.2005312499968568,28.257887137160807,24.91112406983819,24.740679384893063
37.05,30.542274430308133,32.05291415275462,145.25905527880303,132.43974214225048,134.94149542853177,7.009718625005917,0.17767095800081734,0.18979383300757036,28.26940043575538,24.878488724201244,24.73997402860794
38.3,32.31518286578,32.95044331779668,145.43545905177572,135.34777980511004,136.34084364408255,6.9333914590097265,0.17246041700127535,0.1692891669954406,28.275834299184673,24.7454430089188,24.683637288088068
39.0,33.55942931065111,33.559429310651225,145.54345063137015,136.19354207207576,136.19352825838268,6.671528917009709,0.16682970800320618,0.15959649998694658,28.274456095364727,24.7076458199848,24.70764988494947
2.05,2.2499999999999982,2.2809220342858287,65.63310734249391,61.27635200466159,61.283645908645596,0.5900226670055417,0.057717500007129274,0.061375916993711144,28.450385913090425,21.29130060723043,21.279557457030283
3.3,3.818416460169653,3.9995727159799563,94.39495014414021,72.21678846200342,72.43483789885208,0.7652160830039065,0.07996674999594688,0.08346724999137223,28.344356849315716,21.29127683855545,21.2480836644369
4.55,4.714213299053748,5.284622523935849,108.9580674399023,78.9409132073448,79.99179380060183,1.0233670419984264,0.08349041700421367,0.08839900000020862,28.340597103275442,21.291287292708038,21.174585888276443
5.8,5.151439261981119,6.197391933745116,117.68026723695198,84.41143064933392,86.9382020248074,1.0753509169881,0.08849345899943728,0.09455950000847224,28.308937161718692,21.291302641923018,21.088050534132883
7.05,5.37733583497031,6.9592786899706125,123.8143893856178,88.83926732480705,93.63863586406299,1.1993363329966087,0.09269216700340621,0.10007783300534356,28.3158293826885,21.291303506186804,20.98390079560838
8.3,5.717343993625473,7.774783961390009,128.23082977331214,92.56311563042098,100.14966729403764,1.4735083329869667,0.09075270900211763,0.10298929199052509,28.331906828048247,21.2760174138041,20.871035911079108
9.55,6.470316219126614,8.828514004392822,131.02300928504806,95.5181087573836,104.17560553461783,1.806342958996538,0.10275545800686814,0.11831645799975377,28.329750575968664,21.264422334511327,20.840392808540578
10.8,7.059982269683204,9.837016890727654,133.31476144355292,97.87801175089015,107.94232289733338,1.7667944999993779,0.09475891600595787,0.10911979200318456,28.312688249265538,21.2680886051561,24.9677092400119
12.05,8.345075658568307,10.862857494722796,135.11663246781586,102.11645591723972,112.1937981340958,2.184667374996934,0.09968233299150597,0.10964695899747312,28.306528382893283,21.165246676313664,24.888026813790468
13.3,9.07795710016353,11.869484859624336,136.51461043304596,104.58478478574166,116.12316702793092,2.3141909999976633,0.10250520901172422,0.12239029099873733,28.306277443803662,21.137900690356023,24.80862945624344
14.55,10.038925037352488,13.061279824120188,137.69479586498335,106.1369604919482,117.37520795013909,2.455832999999984,0.10702383299940266,0.12434700000449084,28.294141361442367,21.141039300846504,24.836048167335047
15.8,11.029781735240547,14.110245338678762,138.6471423020407,108.43696247606063,119.8705695120954,2.859010332991602,0.11308437499974389,0.1361690420017112,28.29311173900228,21.104831698748946,24.797711920844897
17.05,12.418995095043357,15.28244594186252,139.4789872994755,110.17991053223405,119.76883537487979,2.9066047499945853,0.134652124994318,0.14438545801385771,28.28491903744924,21.083963242384154,24.864969587297377
18.3,13.213285972460284,16.46969540238072,140.16434305848787,111.04637764751674,121.15682613448439,3.1384172500111163,0.1359729999967385,0.15830120800819714,28.2790498652057,21.09819779683955,24.86164696053252
19.55,14.179721638146,17.519891349321433,140.84723290627772,112.18124608996061,121.87270818814527,3.0830261669907486,0.13648795799235813,0.1445827499992447,28.264809278409633,21.096570093798174,24.882863570183396
20.8,14.974191987009128,18.725498383737822,141.3766781216516,112.58330947889931,122.5835994915811,3.4154840420087567,0.14275704199098982,0.15024562500184402,28.256600425807584,21.118407644029105,24.897415231189363
22.05,15.499535830181024,19.7185587156374,141.89761200894995,113.24819595106494,124.07925709032263,3.7802044579875655,0.15052416699472815,0.15571337500296067,28.254019758063116,21.131202941760026,24.87829409395808
23.3,16.48097701394339,20.775010146715292,142.33834273340875,114.46190562654473,125.07406338079265,3.759999041998526,0.1497566670004744,0.15862750000087544,28.247044731132927,21.11836738591674,24.87532161112935
24.55,17.190437990669924,21.784374152150523,142.7463877296007,115.334527063005,126.32975274607118,4.187859249999747,0.1616287079959875,0.16445187499630265,28.26049186203259,21.119123866559097,24.861415044483824
25.8,18.44581491295881,22.746679462744158,143.12073544901085,117.55457725898857,127.90223726461174,4.373399249991053,0.15937245800159872,0.1637095829937607,28.263030948805962,21.068481342713397,24.828964348446718
27.05,19.242526202064774,23.692684892223042,143.45309852274315,119.08281437262876,129.69501756655498,4.163870250005857,0.16284833299869206,0.16770716599421576,28.268224872140493,21.043203315976662,24.780615605908217
28.3,21.1740835701911,24.685442547309556,143.74959167810033,122.21678909870839,130.45934389912713,4.823788167006569,0.17016724999120925,0.17593054099415895,28.270355774458768,20.958797477801475,24.778004116332795
29.55,22.781048466128503,25.91371983840597,143.99473056276264,123.55938887487737,130.42526139786838,5.096711291000247,0.1851951669959817,0.18441795800754335,28.259271659216193,20.93344028084402,24.807940833800714
30.8,24.49536694236871,26.77175463317327,144.2698877354443,127.18320334607816,132.00943145641605,5.290424000006169,0.1914435840008082,0.18640654199407436,28.262766960826916,20.83397307914774,24.763580424180894
32.05,24.89572242026688,27.69468546715104,144.51211820066365,127.31745021776052,133.09741873518038,5.378495125012705,0.18661854100355413,0.18380566700943746,28.274611991653224,20.854103473190445,24.739300338100424
33.3,26.561761447903287,28.79479261762186,144.7126377576284,129.35383434174452,133.70334260797438,6.258364582987269,0.1903782500012312,0.20711949998803902,28.27045079108527,24.957805095640982,24.73327607016503
34.55,27.716405683196093,29.89407693392086,144.91446420042357,130.07175874750007,134.08271975492767,5.8484905830118805,0.18165591701108497,0.1905830000032438,28.265999783292802,24.94877094384831,24.738743753591887
35.8,29.10347808262526,30.944570325948884,145.0866015396924,131.411019694187,134.63855641085098,5.941287499997998,0.1847532089886954,0.1944811249995837,28.272700289381547,24.90731125453405,24.732661891829054
37.05,30.60871579201742,31.926848751512715,145.2678731043963,133.4349278134273,135.631378000407,5.92525575000036,0.17572800000198185,0.18620437500067055,28.264805037203097,24.82883332593931,24.701657134458234
38.3,31.854610982247216,33.04280155508996,145.43430910446014,133.7598610642443,135.63796077642567,6.3180159159965115,0.1721828750014538,0.17359616700559855,28.261783054941198,24.834062015044864,24.72541297738649
39.0,33.55942931065111,33.559429310651225,145.54345063137015,136.19354207207576,136.19352825838268,6.75622266701248,0.1668762089975644,0.159876792007708,28.274456095364727,24.7076458199848,24.70764988494947
2.05,2.2499999999999982,2.2809220342858287,65.63310734249391,61.27635200466159,61.283645908645596,0.5862906670081429,0.05736358399735764,0.06006487499689683,28.450385913090425,21.29130060723043,21.279557457030283
3.3,2.7898277432131686,3.2910865812956462,96.38892601087069,71.69166362628334,72.80998075046725,0.758212332992116,0.06429791600385215,0.06712604200583883,28.4780564781991,21.291337279388,21.123102136694932
4.55,3.532230913805774,4.339804559742722,110.77043840115262,79.24117814676251,81.57112976871154,0.8876668749871897,0.07959950000804383,0.07425474999763537,28.42294672694673,21.291282272758416,21.068079887840575
5.8,4.074075783568031,5.4764719239764705,118.97488405606353,84.87869392892479,90.00871069971639,1.028752959013218,0.08712195900443476,0.08271720800257754,28.380497963249116,21.291274267367967,20.926594291997898
7.05,4.878625183145598,6.530933544884686,124.3233822397951,88.97706130960978,94.74888256478872,1.2716532090125838,0.09169020799163263,0.09879037499194965,28.360817316762816,21.291293604846114,20.935226892301962
8.3,5.751762075570383,7.726027395362029,128.221130852232,92.24108534600194,98.72595628723226,1.3463770410016878,0.08708124999247957,0.09923708300630096,28.30959418829395,21.29123740967689,20.92554754226596
9.55,6.415706904379658,8.83130214440204,131.11996844560613,94.8871882024745,102.77435034204954,1.3094196669990197,0.08984533399052452,0.10937954099790659,28.280498200193946,21.29126822444552,20.882028408498073
10.8,6.803503229351603,9.80608631078073,133.3275142820675,97.24404108840159,107.8399162306775,1.549621666999883,0.09291287499945611,0.10541679100424517,28.302855293814577,21.29127608444846,24.952752563706323
12.05,7.028008957294253,10.775047818676835,135.03731817739035,99.30994678445876,114.13587109471605,1.8432181250100257,0.10339170800580177,0.1180106660031015,28.308072810756016,21.291279823223196,24.780584971829178
13.3,7.521982481172906,11.854393826757658,136.40331286719953,101.11071146233368,118.25423335940482,2.1272445420036092,0.10365379200084135,0.1226720840058988,28.300908891275625,21.291285594160453,24.694560902550922
14.55,10.050093773257196,13.078282293228298,137.64436419703262,105.77040343756353,116.76418257812102,2.5531729579961393,0.10985787499521393,0.1224193340021884,28.26903985979179,21.147710298117765,24.849816344988017
15.8,10.956650195365217,13.965518185186951,138.7114898351087,108.2417169517975,119.52545629762577,2.919066540998756,0.10927608399651945,0.1336842919990886,28.29272408087236,21.10718849973879,24.808174491714745
17.05,11.852495896940656,14.94561971887966,139.5714549748014,110.92617243065952,122.7935885804291,3.086152416988625,0.11955166699772235,0.13582866700016893,28.29598674117457,21.059689250920268,24.733680757892575
18.3,12.59213636664403,15.9240195757286,140.29182379555434,112.14685933069234,124.45829234197495,3.205871500002104,0.13136004100670107,0.1487244999880204,28.30383963009369,21.061021661415875,24.721218375437722
19.55,13.219410696953926,17.01090651652659,140.9226110600712,112.89886572805729,126.02546743654639,4.133104916996672,0.13667741599783767,0.16409908300556708,28.30255270733973,21.07765034271198,24.705650130089644
20.8,14.297918723625216,18.016791168429275,141.46255428764582,115.49147261276114,128.5252825168602,3.897806541994214,0.14254308299859986,0.17127091699512675,28.31545335769085,21.021604916720253,24.637858380159898
22.05,15.72615686353323,18.97684304063939,141.9816934656414,117.755843622647,128.66582791326502,3.9300271249958314,0.14669958299782593,0.16255333300796337,28.326474924483538,20.975923931209625,24.68342496111658
23.3,16.175453645263,20.025885729442944,142.43280046324904,116.91951679407175,128.54938025423792,3.5663907499983907,0.1468567499978235,0.16212458300287835,28.313272149795893,21.036816101133827,24.731520834041596
24.55,16.797449766090427,21.090799859723933,142.81912904859095,117.37234631775664,129.63170865825953,4.018996875005541,0.15125224999792408,0.16668745900096837,28.310816318208495,21.051877707050817,24.719831127608852
25.8,18.088586883301012,22.214062125569736,143.16471409520645,118.79233911185403,129.90897465885516,4.215148457995383,0.1610161670105299,0.16905079199932516,28.305279833941935,21.029183221866784,24.743894805947583
27.05,18.83799340320852,23.26764477067385,143.4905967386446,119.56233788192621,130.93547205003014,4.925930041004904,0.16230241699668113,0.17237899999599904,28.30607708276184,21.030196600794316,24.729350979101895
28.3,19.716882251138696,24.402520231645884,143.76959217792316,119.92479807945665,131.19523145823752,5.327626333993976,0.16833720800059382,0.18176929200126324,28.298244223525757,21.0407849616814,24.747761016277106
29.55,21.241833305856225,25.47384264690107,144.03415751806887,121.94172711326105,131.77094983613887,5.035990709002363,0.17146954199415632,0.17955899999651592,28.28842800778077,20.993245969629587,24.74924853262686
30.8,22.586176301074744,26.501005719275586,144.28733909986823,124.07581216430803,132.8431847334319,6.302496541000437,0.1859478330006823,0.18664825000450946,28.292939777355773,20.94423997944531,24.724669372948362
32.05,24.460528692385985,27.790455891038807,144.49741197309427,124.89845151432681,131.7438752101404,5.425928041993757,0.1880877090006834,0.19062100000155624,28.273851373348926,20.932480341215598,24.80613936885964
33.3,26.090361209738333,28.804702272502578,144.71862207876876,127.32484692151031,132.63843276090327,5.706261541999993,0.18827149999560788,0.1884166660020128,28.274809659289083,20.871520142625087,24.79033072826892
34.55,27.76380960683155,29.93674849310574,144.90807333493584,129.0116872221913,132.9789703448772,6.490178500011098,0.18464445800054818,0.19574129200191237,28.265808440824845,24.996322180093816,24.797884554789764
35.8,28.952926306843608,30.92404859956093,145.09079464267978,130.90653865747748,134.37721150619956,6.458430082988343,0.18513470799371134,0.19753995900100563,28.272150512224016,24.93270822633369,24.748626548727948
37.05,30.052979195655226,31.950697990049676,145.26590009718655,131.65455760477778,134.84867314920933,6.1082309579942375,0.17619133299740497,0.19195274999947287,28.273884916366313,24.920070981365974,24.747398557086765
38.3,31.118585777981906,32.976970997707085,145.43418991849637,132.85539017447437,135.83650615812957,6.443756499997107,0.16974129099980928,0.1725998339970829,28.2728173265708,24.883769740014095,24.71449440675748
39.0,33.55942931065111,33.559429310651225,145.54345063137015,136.19354207207576,136.19352825838268,6.623343625004054,0.16468575000180863,0.15709991700714454,28.274456095364727,24.7076458199848,24.70764988494947
2.05,2.2499999999999982,2.2809220342858287,65.63310734249391,61.27635200466159,61.283645908645596,0.5809247079887427,0.05753549998917151,0.060308333006105386,28.450385913090425,21.29130060723043,21.279557457030283
3.3,3.95874255765531,4.098558284066494,94.74626553881714,71.64666823871255,71.81569733625105,0.797332791989902,0.07821829200838692,0.08174233300087508,28.36423138082931,21.291275348985,21.259119078669624
4.55,4.57883862757919,4.953325620865852,109.90235959865697,79.01632327038028,79.71664044197539,0.8382627079990925,0.0815565419907216,0.08593479199043941,28.36296042885061,21.291282218949302,21.21539217933864
5.8,5.739615186750751,6.415590740406988,117.39121613688317,84.01130432625379,85.35215285585011,1.053856166996411,0.08936062500288244,0.0982101249974221,28.338433936009604,21.291237425236677,21.179197717164875
7.05,6.2450709549122045,7.225538590172493,123.72647649477224,88.41979118704833,90.57314199566954,1.1135095829959027,0.0918087089958135,0.09625495799991768,28.323221658659573,21.291261197317464,21.13971243732925
8.3,6.806466206002763,8.220169552481332,127.61186884512668,91.80534629367673,95.14443482116597,1.48901483300142,0.09813904100155924,0.10096983300172724,28.297490224068323,21.29127665269505,21.08584594010875
9.55,7.631813157613198,9.401884980567667,130.52003196340712,94.43470152285752,98.59005509473154,1.5550837079936173,0.09468654201191384,0.100432584004011,28.273697131561704,21.29128532629229,21.057574610055493
10.8,8.46455168065792,10.537186823934999,132.86524864623092,96.71014260258602,101.48685656649194,1.8286423749959795,0.10170633299276233,0.11344025000289548,28.278812504727973,21.291287010029237,21.04263260608583
12.05,9.70781878382795,11.532451393499562,134.9108671628174,99.45659363841558,103.55965653601235,2.0108810840029037,0.10767675000533927,0.11628024998935871,28.263258997371864,21.256777410472473,21.055750201753472
13.3,10.08526364951916,12.345747416112637,136.50040792747927,101.59026459080829,107.029722768885,2.2532173750078073,0.10984341699804645,0.12262904099770822,28.2608772367628,21.25031592653023,21.002216648534798
14.55,11.232287351313566,13.3651053905355,137.69851831023823,103.839253707246,108.94255910154943,2.3938592500053346,0.11789883399615064,0.12300320800568443,28.26798448210524,21.217751282222366,20.99650448026526
15.8,11.822361304866662,14.355937135681701,138.67188913871382,105.31835336051586,111.44311628876498,2.3300243749981746,0.1250371669884771,0.12978312499762978,28.266746238549818,21.215468757583878,20.960595435496476
17.05,12.618069647442097,15.413614017662939,139.4849154346894,106.89430754736331,113.66844819442966,2.9290631670010043,0.12612091600021813,0.1352147919969866,28.25435256849254,21.202647126775776,20.930120338431806
18.3,13.624291344410608,16.498486595404913,140.2219436505733,108.94137062279677,116.08535897714242,3.084737083991058,0.13517779200628866,0.14261500000429805,28.246158096741468,21.170081393592145,20.89384278489395
19.55,14.691768774850937,17.5797888570522,140.85226896378816,110.48776231078004,117.50330414416825,3.141026957993745,0.13319958400097676,0.14630908299295697,28.25499527053085,21.15202171083901,20.88730840050467
20.8,15.299447303939413,18.704814842324893,141.40142900576564,110.86263308954956,118.60029123041595,3.5172782920126338,0.13405366698862053,0.14680479098751675,28.24657980364105,21.176608128401647,20.886743987447364
22.05,16.79317619095474,19.873950597713023,141.87581034888578,112.9834643536017,119.94392692338572,3.671939833002398,0.14806841699464712,0.15946087500196882,28.239436778790164,21.129871703001925,20.87476915894742
23.3,18.214001483915563,20.81372038497001,142.33318314323506,116.29029162878479,122.59577788935528,3.8535742910025874,0.1538132499990752,0.15966529099387117,28.245356948036623,21.04475726457787,24.983329108883623
24.55,19.145935310397814,21.840965052288304,142.7229741168062,117.80166087445704,124.27299139749596,3.859871791995829,0.15465816599316895,0.1620701670035487,28.25065742296554,21.02187890727018,24.948832568435954
25.8,20.017364370486884,22.752367685042394,143.10371485062487,119.40740529181025,125.9598123920611,4.3612122499907855,0.16238504099601414,0.16634616599185392,28.259794172599623,20.997011959996918,24.91513690671278
27.05,21.27832745948568,23.831202124169117,143.41769826821078,121.28308239377415,127.26019141912835,4.547601749989553,0.16357908300415147,0.167919500003336,28.262813910344363,20.959040377672693,24.89147268871048
28.3,22.11257173074855,24.906616904977653,143.71417790691387,121.81208975418463,128.0492494114589,5.0198482499981765,0.17496170900994912,0.1788553330115974,28.253795576027045,20.965723938878273,24.88760539074267
29.55,23.253946000279903,25.895924292594295,143.99678271385525,123.69368597436896,129.4412316358867,4.711466374996235,0.1827535829943372,0.17983312500291504,28.262174031395414,20.926522310881673,24.855212328769387
30.8,24.57244978853647,26.905220159745138,144.2529745353202,125.67976132302435,130.55808447318464,5.203027708994341,0.18684908300929237,0.183375332999276,28.26439661210334,20.882419895465826,24.833197349266683
32.05,25.772123809823768,28.05568622502643,144.47644940380275,126.55589812105549,131.06584266938427,5.8499023750046035,0.19751979199645575,0.19689941700198688,28.26176464477811,20.872936075134813,24.8359771098532
33.3,26.207904168464665,28.938632459714135,144.7064732726829,127.14205959251959,132.41888467633171,5.888238874991657,0.1979189999983646,0.19757479199324735,28.2710963462925,20.876545152278947,24.799422464619884
34.55,27.517254479915135,29.854327791659003,144.90816843082155,129.76546393005214,134.10514628466834,6.085208124990459,0.18615637499897275,0.19700654099870007,28.26966749324311,24.96348128224301,24.737882594947102
35.8,28.932958416674758,30.96319963322305,145.0969362848428,130.2269948410763,133.78683301289402,5.715730208001332,0.17612012500467245,0.19316266699752305,28.279563419621397,24.964436517246725,24.781037950704803
37.05,30.312923565496146,31.996691374172354,145.26363610176546,132.07278609130097,134.8847192924005,6.311692250004853,0.17875641699356493,0.1926825839909725,28.270791419381858,24.898359925285213,24.744586580932243
38.3,31.789079100930678,32.999266637634236,145.43868271987702,133.9362445872695,135.85404654848898,6.5922175840096315,0.1700496249977732,0.1690851669991389,28.265079637355925,24.82566621807684,24.71348313220311
39.0,33.55942931065111,33.559429310651225,145.54345063137015,136.19354207207576,136.19352825838268,6.664224709005794,0.16624766698805615,0.15869233300327323,28.274456095364727,24.7076458199848,24.70764988494947
2.05,2.2499999999999982,2.2809220342858287,65.63310734249391,61.27635200466159,61.283645908645596,0.5843423750047805,0.05723500000021886,0.061620332999154925,28.450385913090425,21.29130060723043,21.279557457030283
3.3,3.9201984356984045,4.152389213714692,95.42580106085627,72.9864931276433,73.30820195159633,0.8271720420016209,0.07824004099529702,0.08240341699274722,28.37381638414157,21.29127641101702,21.234768529068685
4.55,4.858543624407483,5.309773438812816,109.28194561385945,80.04838261728821,80.86692333251538,1.0902774590067565,0.08910733299853746,0.09271720799733885,28.312452045359287,21.291293583980984,21.201886060560955
5.8,5.190849471984255,6.16312508514844,118.40774025296867,85.06674613003032,87.45025456960674,1.0688071670010686,0.09306733300036285,0.09838766700704582,28.3324605839512,21.29130360068818,21.104754160878368
7.05,6.1680257633332065,7.28067833827367,123.89379506152447,88.93681473788718,91.51280991115371,1.179770083996118,0.08751720900181681,0.09769370799767785,28.278440963171835,21.29125869030389,21.11277754609782
8.3,6.801528445872481,8.191912183163877,128.02065945094844,92.3830694402413,95.84857021210635,1.4407753340055933,0.08981179200054612,0.09568649998982437,28.274497744587336,21.28173950235766,21.073555560754897
9.55,7.645581452656737,9.199521627468041,130.85541638761245,95.38943482091693,99.43694619545775,1.4823957920016255,0.09737254100036807,0.0994683329918189,28.270443946711744,21.254006255884843,21.034089320121122
10.8,8.033622926029702,10.114070161333085,133.12036783873992,97.54073025020791,103.23513457389825,1.629900624990114,0.10373474999505561,0.12125454199849628,28.28014880411473,21.260489308272934,20.976414386411783
12.05,8.964252191249258,11.161449622802765,134.85806502618937,100.21084423935231,106.55006584355992,1.8503873339941492,0.1108550000062678,0.12429258300107904,28.288197358558435,21.224187963495435,20.93279906308462
13.3,9.662454465798792,12.320096659092677,136.26156654438483,101.856171220179,109.29687161944699,2.2146900829975493,0.10826920799445361,0.12140558300598059,28.27885033491845,21.233026717467112,20.906433659997347
14.55,10.781952407749094,13.573169341964995,137.31642474844836,103.68016919524914,111.12972475311332,2.673806874998263,0.11353775000316091,0.12797529200906865,28.26843269193982,21.21705169477811,20.901369991489013
15.8,11.015510623629648,14.422951373593175,138.5068760865648,105.20773200063749,114.63377435274492,2.9070001670042984,0.11844449999625795,0.14065958400897216,28.27364148469923,21.22693319151057,20.846146942486282
17.05,11.842035792720619,15.508523059176184,139.30822402789593,107.0654275440019,117.43148872122133,3.0265449579892447,0.12524074999964796,0.14121333400544245,28.265950109119693,21.200893718519083,24.954203312497643
18.3,12.402342837555587,16.393537318948262,140.09430130041963,108.55342970770826,120.03391888652914,3.191906874999404,0.13913399999728426,0.1617438750108704,28.284887305272925,21.190937275150077,24.904410031426124
19.55,13.27456501110682,17.254224050507844,140.7777008114171,110.71990183543781,122.5860139025369,3.179062958995928,0.13595283299218863,0.14481537499523256,28.29296655143867,21.151039747864488,24.851021688960312
20.8,14.16027739335687,18.417500819911933,141.34602088567175,112.00038358292538,124.11240377683578,3.464844083006028,0.13787933299317956,0.14941154098778497,28.288026480650306,21.144172662099447,24.835343381126446
22.05,15.818566046487389,19.47602240752029,141.85591954454532,115.46232410564963,126.10356221495397,3.9104031669994583,0.15050983300898224,0.15945329199894331,28.2865956296971,21.052621911156482,24.792769768813024
23.3,16.31954148490487,20.475310688887774,142.3393596862523,115.80031712303303,127.2471407580975,4.196334332998958,0.154765708008199,0.1669326659903163,28.28268363574882,21.074625773347396,24.78450780725818
24.55,17.810250093580297,21.576652310220137,142.74879347814573,117.341946568895,127.12657584304895,4.540975500000059,0.16629037499660626,0.1761338749929564,28.284044328992135,21.046907626671814,24.829549464084227
25.8,19.21272720062519,22.69139914231908,143.10609422131512,118.64107073307098,127.14939221078718,4.694024666008772,0.16811025000060908,0.17466083299950697,28.27729532664507,21.026772152006874,24.863979731471627
27.05,19.9155420771929,23.764822010838916,143.4378714808734,119.1329554663306,128.1003208783877,5.601776374998735,0.1773375000047963,0.1779076660022838,28.277438134547232,21.03762351504244,24.856598009983625
28.3,20.844846172625417,24.69263752087882,143.75428198067894,120.23142902121758,128.9500794596782,5.393830582994269,0.16999162500724196,0.1764790409943089,28.276140038240335,21.02475977158163,24.851665818237215
29.55,21.671073393719418,25.68498808091749,144.03227341069172,121.35321162138969,130.2139798700848,4.975322584010428,0.16991170799883548,0.17864279200148303,28.283599008056143,21.011426761690604,24.824676875450958
30.8,22.167390585607507,26.68136196229496,144.27815808125166,122.230638884346,131.94728450244327,5.740356499998597,0.17691666599421296,0.18502483300107997,28.281357862637044,21.006641097445755,24.769921046429108
32.05,23.25683940713894,27.7490685957748,144.50553269979784,123.50280420346917,132.8125906488669,5.370691625008476,0.18236079199414235,0.19101799999771174,28.275557632287537,20.984158900428287,24.753331836370872
33.3,25.358977945586524,28.77863314879634,144.71588732799657,126.81801522265353,133.60790242346332,5.911458375005168,0.189463083006558,0.1867787500086706,28.271857929155736,20.890631083354226,24.73844605615566
34.55,26.128108485547003,29.75745792643649,144.91546638517545,127.3784909474989,134.3183817632584,5.9544221659889445,0.19716295799298678,0.19811733400274534,28.278453299284255,20.89172885042726,24.72789892500719
35.8,27.56794244206862,30.79928846415014,145.0965897623135,129.27362611638029,135.09060785484422,6.379222749994369,0.1935249579983065,0.20001633299398236,28.276276749440257,20.844634924374798,24.70986235868641
37.05,29.6711993525509,31.816135936974653,145.27607257709036,132.15996421353253,135.81267553062344,6.3516661250032485,0.18201529201178346,0.19198187500296626,28.275591643173932,24.898495665845015,24.693195178460527
38.3,31.108572562842028,32.98150354552223,145.4381640277772,132.83108397890848,135.83503755387846,6.1222012500074925,0.17122954200021923,0.16920575000403915,28.27437413162208,24.885312505178455,24.714891386864025
39.0,33.55942931065111,33.559429310651225,145.54345063137015,136.19354207207576,136.19352825838268,6.669412167000701,0.16196374999708496,0.1594548749999376,28.274456095364727,24.7076458199848,24.70764988494947
2.05,2.2499999999999982,2.2809220342858287,65.63310734249391,61.27635200466159,61.283645908645596,0.5869729999976698,0.05788187500729691,0.06087691700668074,28.450385913090425,21.29130060723043,21.279557457030283
3.3,2.917912735302168,3.275747330895669,96.78221653908844,72.3399086723719,73.11175378185764,0.6566793329984648,0.06335299999045674,0.06620691598800477,28.43805914369463,21.291388701298093,21.17672954839065
4.55,4.042295692762652,4.718441565452066,109.71073722106618,79.98438659405898,81.55164576734579,0.8108353330026148,0.07800049999787007,0.07857412500015926,28.318428013215442,21.291273486137058,21.128157261527182
5.8,5.507713697056856,6.262886310163509,117.62135321753324,84.61710478719814,86.14599094459706,0.9340182500018273,0.08707149999099784,0.09168108300946187,28.271581152909274,21.291303268187374,21.158271704461704
7.05,5.839534926605652,6.9610330974468315,124.04285355809222,88.92658277862341,91.69315994169104,1.1599394590011798,0.08478699999977835,0.09510800000862218,28.29229019810802,21.29124239488117,21.10243988473562
8.3,5.971889906404695,7.6395828424582675,128.13939753775728,92.12513225345853,97.11308862611648,1.2879555839899695,0.0872546660102671,0.10010779200820252,28.331942083526155,21.28722525924502,21.00124561330378
9.55,6.652515982719871,8.737542664273633,130.7306569707153,95.01477221794498,101.65612722144701,1.3558722919988213,0.09242862499377225,0.10744120800518431,28.325254093445285,21.272103523093794,20.929364183900404
10.8,7.445191784536865,9.875449358895928,132.8930032010502,97.20946385946976,104.60422529240711,1.5108789170044474,0.0926105000107782,0.11197116599942092,28.31608936357341,21.27449936335217,20.91646964572323
12.05,8.528201419633618,11.087618609787889,134.55641905664424,99.16797995647939,106.21581642698122,2.0476875830063364,0.1090086249896558,0.12966099999903236,28.28539020787768,21.267673910573283,20.93727874909113
13.3,9.032782641417572,12.060646968305344,136.2797643701129,101.32620226893404,110.12903679692965,2.27039666599012,0.11041024999576621,0.1341486249875743,28.280014966133106,21.26166990954076,20.87679678512797
14.55,10.691223757679364,13.235363920773091,137.4545156743366,104.77823236377155,112.46761647185413,2.497367750009289,0.11151333400630392,0.13464720798947383,28.267597653122433,21.173992253594378,20.85773609476797
15.8,11.255873924651947,14.061521246705272,138.59174881136207,107.4601298312599,116.8880571137508,2.5880282500002068,0.12261595799645875,0.12756058298691642,28.28781567558865,21.13317079410796,24.920168263048716
17.05,11.978651342509643,15.135865913788386,139.4820362331753,108.33051046887923,118.11812614401651,2.797540542000206,0.12867504099267535,0.13909050000074785,28.279855829068186,21.15196063401441,24.931961805843038
18.3,12.953938075950507,16.25882488185526,140.1936816276735,109.91186668785397,119.79171502258787,3.0771664999920176,0.1266691670025466,0.1438122500112513,28.279665912010152,21.136790123657565,24.91766847420683
19.55,13.323701052765166,17.20780110830198,140.8336735709501,111.275119642654,123.10496551195122,3.0342407499992987,0.13026441700640135,0.14027395901212003,28.279031738691497,21.132748109991432,24.829668251602122
20.8,14.298726253827791,18.12144104055693,141.43427591846557,114.39871537846867,126.76410807562172,3.6401117499917746,0.13348070799838752,0.14172758300264832,28.283866446473343,21.0605072000164,24.718463618707666
22.05,15.318204217137424,19.20866521905456,141.90320490426583,116.14749349601944,128.3448609748349,3.3946553339919774,0.14060083399817813,0.15512220800155774,28.28727050527317,21.032017423176377,24.68821444137034
23.3,16.28827303816683,20.50286184872942,142.3082373154692,116.14060111952752,127.86167764542863,3.5489545420132345,0.1454492909979308,0.1553453329979675,28.26734314707179,21.06095035566591,24.74896570760997
24.55,16.928941323191214,21.579999509877606,142.727496724623,116.66716135867144,128.93254875885097,4.035797917007585,0.15048879200185183,0.16255237499717623,28.271009362820593,21.074823815080812,24.741382280766175
25.8,18.571131569359835,22.716009463310975,143.07870586651538,118.4578419355204,128.77607667527639,4.186153333997936,0.15804883299279027,0.16824516700580716,28.264021262545423,21.036610451087075,24.786101630961443
27.05,19.848158499925084,23.69708064122528,143.44134757544342,120.14271199699469,129.42500462568123,4.608943832994555,0.16754679201403633,0.17352424999990035,28.274558649072777,21.005440936119374,24.794845625357464
28.3,20.72861694614364,24.706239782681077,143.74264439565425,121.22392100443149,130.5190117721161,5.120535750000272,0.1729183749994263,0.18036295799538493,28.27857454656898,20.994056519316757,24.776782951544895
29.55,21.357246941772583,25.70885331148848,144.01813384879048,121.9192605719389,131.74240501533427,4.868153750008787,0.1728988329996355,0.1815387090027798,28.282018656547745,20.994610909270282,24.7475203573646
30.8,23.226013789234173,26.7216735428239,144.27523966182218,125.00653165850277,132.62041950214794,5.782862041000044,0.18696445800014772,0.18603124999208376,28.275767494141775,20.91263366795653,24.734587973736442
32.05,25.144131834834262,27.70129308899699,144.51107403696057,127.40683212496121,132.67403832492568,5.488844584004255,0.19422520900843665,0.19074145899503492,28.27998612547204,20.850105707101022,24.762175617434664
33.3,26.597909072169347,28.737092913479138,144.72482757740718,129.50987136935225,133.70143444855253,5.783067583004595,0.18310924999241251,0.19207516699680127,28.275274365321007,24.951487314843124,24.735213330958803
34.55,27.58218560054833,29.93704329373553,144.90618996024358,128.94859788745592,133.25019000401807,6.3152600419998635,0.18469929099956062,0.19694854199769907,28.266686311653807,24.99963571762665,24.78310898772296
35.8,28.887460373881936,30.976323730477514,145.08438174802038,130.41202869823132,134.0737583966699,7.129695958006778,0.1818936659983592,0.1992334579990711,28.264098621995327,24.955054282326195,24.76395337698605
37.05,29.90834324035189,31.955233669667503,145.26201602973194,131.62966382061276,135.07832946547848,6.340133207995677,0.17786191699269693,0.1890198339970084,28.27347484281398,24.921536319162556,24.733822198386896
38.3,31.892342029119945,32.90797601534521,145.4393615426768,134.41502592296143,136.0322050504114,6.749908375000814,0.17154737500823103,0.17090408300282434,28.27587203972698,24.800550805793385,24.70422462178812
39.0,33.55942931065111,33.559429310651225,145.54345063137015,136.19354207207576,136.19352825838268,6.647846125008073,0.16388141599600203,0.15727199999673758,28.274456095364727,24.7076458199848,24.70764988494947
2.05,2.2499999999999982,2.2809220342858287,65.63310734249391,61.27635200466159,61.283645908645596,0.5829816670011496,0.057313375000376254,0.060558666998986155,28.450385913090425,21.29130060723043,21.279557457030283
3.3,3.4994468444373705,3.6485969245251435,96.86399259429241,72.28090554389107,72.51460372952015,0.8479676660062978,0.07566408399725333,0.08307049999712035,28.411695207578173,21.2912826990887,21.251639931922536
4.55,3.9171896597164886,4.572652907265079,110.59305637447676,79.70127021896667,81.34784371316356,0.7737544170086039,0.07845045799331274,0.07299650000641122,28.385979772384868,21.29127542498996,21.13010254135979
5.8,4.511208890994341,5.456258436037352,119.0713121672986,84.45142768396154,87.1076156720165,0.8963399579952238,0.08248250000178814,0.08589266698982101,28.385592629963217,21.29127900871811,21.08927896196607
7.05,5.2648369526800325,6.649117765669393,124.33562637083386,88.82528976035387,92.94964167349062,1.2137594160012668,0.0886476669984404,0.09326300000248011,28.342204568572537,21.291304176173483,21.025755096582426
8.3,6.188196768491767,7.825747219432112,128.0911780398149,92.45655758456084,97.51667459480653,1.4547863329935353,0.08845108300738502,0.10019716700480785,28.327919178772152,21.268252893985192,20.982799446373424
9.55,7.174271037457142,8.983627868522229,130.822870848148,95.14372434894544,100.3775402358341,1.6933780830004252,0.09495162501116283,0.11474325000017416,28.308943076748886,21.26035422780941,20.9840911332015
10.8,7.730501789300879,10.00944803633498,133.15846730210063,97.7718602834648,104.81942748493805,1.9860995829949388,0.09561800000665244,0.11696466599823907,28.30127531899592,21.251869956507534,20.913176878419712
12.05,8.582231201466417,11.11253520744664,134.9379862354043,100.08955088722188,107.77439253406246,1.6861283749894938,0.10041191699565388,0.11893587499798741,28.290520781147226,21.239819445775087,20.890714605632812
13.3,9.451499609924277,12.102780864987752,136.42948441992888,103.38652804992432,112.52165550312198,2.334555708002881,0.1030308750050608,0.12312145800387952,28.287432827028564,21.175221202336886,24.953413874617446
14.55,9.919482019357174,13.093248853987035,137.5903834571336,104.61874611370877,115.26180157332969,2.620387832997949,0.10925841600692365,0.1245355420105625,28.294647595168687,21.194000260971748,24.91745121618306
15.8,11.502760986099222,14.271338282793021,138.57578379155154,107.60960092994556,116.67426123606961,2.6002203749958426,0.12415741699805949,0.13139150000642985,28.278993410164848,21.125766041041985,24.92729187008834
17.05,12.358042743290305,15.335011384776918,139.4407228553493,108.92722708706155,118.12673039929209,2.9523081660008756,0.12871683300181758,0.14176625000254717,28.271498575115512,21.12707808261459,24.92973679436801
18.3,13.860253293502772,16.47291224574401,140.1457875684543,110.86504491093092,118.47481142783442,3.0017832500016084,0.13124049999169074,0.13205770900822245,28.26664841860513,21.092357624886574,24.968976012763434
19.55,15.167221790189853,17.658147093800704,140.75848329892665,112.67250499460128,119.58736649906984,3.26357233300223,0.13936816700152121,0.13696354199782945,28.252774846852102,21.065120797526472,24.972024614619883
20.8,15.201355092381814,18.581555459091582,141.34230336818956,113.09823921693263,122.37551122074947,3.238775165998959,0.1380847919936059,0.14454979200672824,28.25701406948184,21.094838116240457,24.903774314147803
22.05,15.516158825847198,19.48063453600447,141.89043111550444,113.85167228396976,124.61294645129408,3.567108041999745,0.14217379099864047,0.15037499999743886,28.265353361833387,21.10714157514275,24.85534510664691
23.3,17.014558750490757,20.671637661332355,142.3228094361,114.94183200371212,124.03720886720926,3.886020624995581,0.15209000000322703,0.15913358300167602,28.26766264321251,21.095715492549232,24.920860418384258
24.55,17.88947103973758,21.528184134005137,142.759583301458,117.08437405800888,126.37175795730354,3.7869241669977782,0.15428825000708457,0.1609432499972172,28.276520304381908,21.054685689811944,24.86402663730517
25.8,18.488726682545604,22.6693509865113,143.11762457429478,116.86544376820328,126.68501005140399,4.507029665997834,0.16190287499921396,0.16802166699199006,28.271038856306507,21.09045622576974,24.88568746773842
27.05,19.9984644773389,23.796227897703456,143.43858298672623,118.88778676056026,127.58297075532342,4.982287000006181,0.1699306670052465,0.17469266700209118,28.27032465126506,21.045337338225288,24.87968446245556
28.3,21.293433303468433,24.806732989725393,143.7196456547112,121.90749664641032,130.0258811194344,5.29388066699903,0.1734552080015419,0.1802672089979751,28.268889403814807,20.968054098571514,24.797375613259288
29.55,22.033647292998843,25.767860019235233,143.99776945546088,123.04372416849057,131.46969329740182,5.566449457997805,0.18288883299101144,0.18374354200204834,28.27395091913629,20.954353840152283,24.75924745742261
30.8,22.752740887902696,26.707561294759504,144.26472050095225,123.76044961849911,132.3968578785495,5.985779916009051,0.1875602080108365,0.1886564169981284,28.279303202356907,20.953707901789894,24.7450255667991
32.05,24.125770790194522,27.66384410500662,144.5018620130056,125.85973752633731,133.33032599200595,5.486093041996355,0.193351583002368,0.1932135420065606,28.28738271137846,20.904628369719582,24.727412490032982
33.3,26.18977078053424,28.774568315728636,144.7101044598324,128.5944414611668,133.66135282975316,6.197478832997149,0.18888012500246987,0.1992504160007229,28.274983285428476,24.993549300428512,24.73610160413918
34.55,27.017061821314023,29.791409988032857,144.91097062155683,129.05420623233152,134.25496892709444,5.876942874994711,0.18073583299701568,0.19228716699581128,28.278163601417642,24.998661695487577,24.731240577054002
35.8,28.704860409847043,30.820518247891624,145.10414284940776,131.2930878751925,135.06791228844574,5.97498483399977,0.17591558399726637,0.1898535410000477,28.28286054483251,24.916624572841922,24.711381585588057
37.05,29.914324475420337,31.809109723980605,145.27336169055832,132.24749020751028,135.48455006161223,6.381697791992337,0.17491337499814108,0.1846815000026254,28.279227351377934,24.89367646525751,24.71361260533732
38.3,30.84857120863378,32.93388228987705,145.44117876172717,132.432150039246,135.80600670013982,6.37779345799936,0.16924658299831208,0.16838275000918657,28.264661975926227,24.906799040728007,24.717825152819756
39.0,33.55942931065111,33.559429310651225,145.54345063137015,136.19354207207576,136.19352825838268,6.630514834003407,0.1645162919885479,0.15781154100841377,28.274456095364727,24.7076458199848,24.70764988494947
2.05,2.2499999999999982,2.2809220342858287,65.63310734249391,61.27635200466159,61.283645908645596,0.5802993340039393,0.05705104098888114,0.05999187500856351,28.450385913090425,21.29130060723043,21.279557457030283
3.3,3.149251015119063,3.57584418853872,95.54150326209812,72.44628648331684,73.23315522166685,0.7119745839881944,0.06991566700162366,0.06101212500652764,28.390182078870957,21.291286699875958,21.16225865847115
4.55,3.7618933168619044,4.602803191269394,110.35520651472514,79.61016514770888,81.96132447227339,0.7958846249966882,0.07983149999927264,0.07441912501235493,28.387017832120126,21.2912775448142,21.067438319249728
5.8,4.992428695152073,5.878549629086717,118.44323539564769,84.8115040663538,86.96032153766167,0.9531660409993492,0.08701149999978952,0.09207645800779574,28.322398903396053,21.291297879915888,21.117767451894924
7.05,5.69221666807592,6.854732580971739,123.97710229559898,89.29996540382197,92.63694532518446,1.1367290419875644,0.0901400839939015,0.09432062499399763,28.32064286407893,21.25988148653339,21.04199603806898
8.3,6.246777598688679,7.871873505811685,127.9186731207675,92.69327364350946,97.80735252783374,1.4380400830123108,0.08992541600309778,0.09856933400442358,28.318544008203556,21.25654987020221,20.967919627298524
9.55,6.764592931665165,8.764425937631733,131.00573743885215,95.39375271896964,101.98641386160519,1.3695645000116201,0.09234258299693465,0.11091791700164322,28.326791921493797,21.256207638108943,20.92094752843578
10.8,7.553396609947761,9.831689529390896,133.41469539612842,97.74208694954827,104.74336344490273,1.6271500419970835,0.09355604200391099,0.11343391699483618,28.30815328468306,21.262754233943458,20.924681761781056
12.05,8.268014474005831,10.82935046837494,135.1376444108868,100.64372368924958,109.3928051659695,2.0776285419997294,0.10042562500166241,0.11949145898688585,28.304435003729257,21.224409381503804,20.8397831116982
13.3,9.138876919988709,11.949374102002897,136.5598445051177,102.99730460070018,112.65859722772157,2.207876459011459,0.1055763750046026,0.12361512499046512,28.293727760758987,21.200156219042068,24.956160281834546
14.55,9.716935758115795,13.037251851432222,137.68946316422532,104.43197419944438,115.47858056350321,2.547560417006025,0.1098692499945173,0.1253534999996191,28.29013745499935,21.210135789621457,24.91505292616937
15.8,11.154030955819733,14.239659993424475,138.6545916081812,106.81576630297904,116.55612796408516,2.6360043330059852,0.12378491699928418,0.13394291599979624,28.275384811459645,21.16349247039252,24.935630311338567
17.05,12.055143934464205,15.334312735979127,139.51626547789982,108.13625889256193,117.88761332143292,3.2494423330063,0.12612383399391547,0.1427161250030622,28.280050189938873,21.16399896480434,24.9459909973776
18.3,12.893894710521248,16.473653048183497,140.2371910582798,109.19402182188728,119.14995581174836,3.782252332995995,0.14262758300174028,0.14308683399576694,28.26677536327246,21.170442214048055,24.949799024025975
19.55,14.404495528199558,17.486790380185585,140.86507606418382,112.85969716998652,121.97161403653278,3.9043193329998758,0.1493167910084594,0.15817854199849535,28.26709619224644,21.07271133138412,24.88183645697568
20.8,15.362618461686385,18.31696963879527,141.4638197150422,115.83935418223093,125.00729453976942,3.717967332995613,0.15401104200282134,0.16084287500416394,28.27679323176715,21.00604486687758,24.800768980326414
22.05,16.559524856022975,19.418080538396524,141.93887116387705,117.78517398044991,126.32986164826502,4.136181207999471,0.1557937080069678,0.16141658299602568,28.27755376864961,20.971663196620465,24.78535871090768
23.3,17.867503626229848,20.46858714164885,142.38383279537146,119.88377106259631,127.34696975419608,4.417258541012416,0.16482099999848288,0.17035266700258944,28.27712367294833,20.931302554345713,24.782438611924047
24.55,18.70628641273905,21.529125083598174,142.76523810367888,121.32250029732556,129.1130041252058,4.409091541994712,0.16266183399420697,0.16816954100795556,28.271855120200282,20.91268331584371,24.737081021639483
25.8,19.468672450406004,22.664983585042062,143.11442281833743,121.13042436522576,129.320012492849,4.623551250013406,0.16362729200045578,0.16990054200869054,28.265439880705852,20.947009120990938,24.76420696228241
27.05,20.564653549103806,23.64292221932574,143.44904282360238,123.08557466817305,130.70330570191953,4.772022707998985,0.166256083000917,0.17097495900816284,28.260374556961118,20.907255471146104,24.732332538985542
28.3,21.744171853729917,24.559229560806823,143.76327430311727,125.6525604116136,132.39313150955522,4.845754125009989,0.1768878750008298,0.17539687499811407,28.273200310676806,20.846903881738537,24.682698503254663
29.55,22.446331929128483,25.73106389341777,144.01209421183103,125.44454574603137,132.86478011304288,5.212864917004481,0.1868887500022538,0.18504329200368375,28.263386558568822,20.876321729271098,24.68683558872904
30.8,24.051445297461985,26.664825748181922,144.27376606120546,128.44094277803646,134.11041951332976,5.173226208004053,0.1783390829950804,0.18494691599335056,28.27247293759337,24.949775748565866,24.651569562302303
32.05,25.00924903976265,27.625190379754912,144.50643563829163,129.50897746985424,134.9759941001335,5.287059207999846,0.18388558400329202,0.19121354099479504,28.27580057275676,24.92864019789488,24.63267367913425
33.3,25.58710039680247,28.647582050011568,144.7173239216082,129.43054022321184,135.52593908322183,5.297143167001195,0.18269558300380595,0.19137899999623187,28.28093008573703,24.959672015254863,24.628161912148403
34.55,27.33533333438386,29.64669138745511,144.92370699484627,131.64688552882257,136.02025407263784,5.934561082991422,0.18173454199859407,0.18713962500623893,28.280879431148055,24.87732308401014,24.627415153767448
35.8,28.86230733668506,30.730759284125245,145.10189530411103,132.87838068960838,136.20428357281406,6.307295624996186,0.18252037500496954,0.19384983299823944,28.281859212406722,24.837559990032197,24.64229944134214
37.05,30.128772309674893,31.815576142932134,145.27028200964656,133.52645909299898,136.3662427822238,6.85953512499691,0.18059245900076348,0.18887974999961443,28.27681151087242,24.826740138959053,24.657851958624864
38.3,31.53197022544164,32.81833781395007,145.441232453151,134.70819542087338,136.76510736788236,6.383034792001126,0.1705695409909822,0.16700112499529496,28.278093554150367,24.78626277389062,24.65930166960329
39.0,33.55942931065111,33.559429310651225,145.54345063137015,136.19354207207576,136.19352825838268,6.6042735830124,0.16595854199840687,0.15805458299291786,28.274456095364727,24.7076458199848,24.70764988494947
2.05,2.2499999999999982,2.2809220342858287,65.63310734249391,61.27635200466159,61.283645908645596,0.5769835000101011,0.05617000001075212,0.059817583998665214,28.450385913090425,21.29130060723043,21.279557457030283
3.3,3.260446616480077,3.5393465018607433,96.94794097511532,72.57457836821936,73.08470629105791,0.689536332996795,0.0741919159918325,0.07055720800417475,28.418476615917047,21.291285644501368,21.21101909203148
4.55,3.915631339418289,4.574573533570865,110.35674129936346,79.70865156254303,81.30573563749776,0.8358202079980401,0.07728033300372772,0.07276058399293106,28.38814299383515,21.291274784242205,21.131238753553443
5.8,4.697619898786215,5.736935089799478,118.33880291850323,84.59507053955753,87.43546935909526,0.8760063749941764,0.08661791699705645,0.0920908749976661,28.369525232063904,21.291287244751288,21.071664613640184
7.05,5.516338859321234,6.883274275836793,123.6618067532736,88.74446380178077,92.49926829019219,1.1763622500002384,0.08659008299582638,0.09161649999441579,28.342053179552458,21.291303347898427,21.04091586685509
8.3,6.036669502255287,7.996144557013127,127.46101167825911,92.05089052105261,98.024310502969,1.2664812080038246,0.09137858399481047,0.10100304200022947,28.33888251403258,21.291252182073546,20.949547004396184
9.55,6.913880884244177,9.127032814669333,130.54493562316443,94.74492360976085,101.13123362959803,1.4535560829972383,0.09326270900783129,0.11544662500091363,28.320266850130388,21.291278295859993,20.95370237168193
10.8,7.943078730204783,10.315033689061096,132.89368166841874,96.88625394693031,103.07100636494071,1.7693112079869024,0.09722145799605642,0.10992258299665991,28.30137449957593,21.29128766614316,20.979529694941956
12.05,8.41024072499844,11.368866536907698,134.65184197513597,99.02005881656993,107.16074058346041,1.9320647090062266,0.09960141600458883,0.11931929099955596,28.302211992986674,21.291286589320976,20.912587763592217
13.3,9.103820715100962,12.05515292408323,136.38970409655053,102.37950453667324,112.05330505450226,1.946621374998358,0.1077105829899665,0.12452841601043474,28.31405574246797,21.22436467361053,24.98172923621022
14.55,10.443728915885504,13.174464056269695,137.64361488816735,104.72446030633739,113.10222549656206,2.27742345900333,0.10969037500035483,0.13211829199281055,28.293141414108927,21.18831627843917,20.846962837663394
15.8,11.594057920006605,14.078348299862022,138.6870956369224,108.87582383622302,117.67208901043234,2.7474906249990454,0.12261274999764282,0.13767825000104494,28.297537709098663,21.082562532365824,24.895100719833096
17.05,12.494119809938642,15.093842380407192,139.53707758368958,110.93304397000875,120.02233390688798,2.8843954170006327,0.1268932500097435,0.14180291700176895,28.283561670375292,21.055171232006483,24.855161434840525
18.3,13.081742857646287,16.105442289195896,140.2142858406338,112.99560840831444,123.99027655692707,3.4756954170006793,0.13300708300084807,0.15632091600855347,28.29237632841759,21.027419466992157,24.738343442857335
19.55,14.094557117772911,17.11874649452476,140.86468642888786,114.96193712976049,125.64983792748782,3.43425758399826,0.13545858299767133,0.15994804099318571,28.291042186418697,20.99698130926162,24.717280609980815
20.8,14.473245532809653,18.07216471044285,141.4341840096585,115.28108486701049,127.45029151869588,3.0203033329889877,0.13797195799998008,0.1646423749916721,28.299041672912658,21.02633766157358,24.68567031137144
22.05,16.042366068925755,19.25431811104101,141.9009562922447,117.4912270566651,127.66313214359442,3.6360889170027804,0.14683262500329874,0.15863495798839722,28.295823952566526,20.981156463613726,24.721866501149016
23.3,16.400754628000996,20.342873314361867,142.3464001922185,116.7125294297404,128.0968068548596,3.7449452910077525,0.1502897500031395,0.1653177909902297,28.285257337029073,21.04127590234243,24.744135327582715
24.55,17.448701901311942,21.54172777438008,142.73999960410936,116.77476821436679,127.386324556676,4.10372554200876,0.15704724998795427,0.16420904100232292,28.279633953471016,21.067567466837527,24.817214380872915
25.8,18.350088123071245,22.574103749511362,143.10575886571283,118.52257556496079,129.32104397869116,4.671710624999832,0.16063266700075474,0.17011608299799263,28.280122013712695,21.036853194081402,24.764967713182195
27.05,20.246191417704537,23.602219783060697,143.43418876650077,121.40956075650861,129.73698351284898,4.712348916000337,0.16563254200445954,0.1748988330073189,28.281615718535615,20.961812356784016,24.780784628111626
28.3,21.4927951133497,24.708369862351944,143.73259731391732,122.23988231911096,129.72981436205077,5.279695000004722,0.1798981659958372,0.18223570899863262,28.2749871884458,20.95700183010364,24.814383331127516
29.55,22.145512966488702,25.68294107701286,144.02320947066278,122.91571788005676,130.868767849986,5.2300682089990005,0.1816939580021426,0.18639958299172577,28.271690372834936,20.95884410804044,24.792051198440568
30.8,22.69453274039202,26.768371432157156,144.28454199343884,121.96979689864709,130.49466651019443,5.028578124998603,0.17248120901058428,0.18473866699787322,28.27825418600947,21.01228996354568,24.840907479491808
32.05,23.949145336189225,27.673508717488403,144.52595757785758,124.64981395399411,132.4067027789398,4.97015416699287,0.1816969999927096,0.18171995900047477,28.281885786889564,20.945226079083593,24.777075395735373
33.3,26.012349639731802,28.864437914401904,144.71611997050687,126.734057858814,132.28996284747785,5.588214584000525,0.19148049999785144,0.1924114169960376,28.271384418285145,20.891510330352286,24.808060222290365
34.55,26.409880743267173,29.768465887256635,144.9185920259824,127.27176445562206,133.6673213513832,6.1716825000039535,0.1914297500043176,0.19438487499428447,28.28094338415317,20.89475316774054,24.76465490632311
35.8,27.70493389177878,30.81998131870819,145.1025614609594,128.87219821832417,134.49245240775448,5.9330524999968475,0.18781291699269786,0.19694445899222046,28.280369277181926,20.858345976250707,24.745146910955786
37.05,29.779608747624884,31.8402837551908,145.27896534110985,131.51333962624074,135.03044695375885,6.685788957998739,0.17388670799846295,0.1869853329990292,28.28102787067665,24.929885616995385,24.740173168601665
38.3,31.738862798577372,32.97697471958261,145.44232126545506,133.60714231546078,135.58267926582553,6.547743207993335,0.1683557079959428,0.16746529199008364,28.26661673150869,24.84385232847682,24.73056357321868
39.0,33.55942931065111,33.559429310651225,145.54345063137015,136.19354207207576,136.19352825838268,6.614336666010786,0.16500070800248068,0.1581233750039246,28.274456095364727,24.7076458199848,24.70764988494947
2.05,2.2499999999999982,2.2809220342858287,65.63310734249391,61.27635200466159,61.283645908645596,0.5801167919998989,0.056679832996451296,0.05990991600265261,28.450385913090425,21.29130060723043,21.279557457030283
3.3,3.3603827985932266,3.695846498905243,96.04048384184142,72.01777546021513,72.59001783190972,0.7907497089909157,0.07431950001046062,0.0709512920002453,28.40007314216736,21.291284089884893,21.19595617389408
4.55,3.83435266499345,4.577235407313626,110.29696946849349,78.93679770829763,80.85193151258507,0.8856156660040142,0.07950608301325701,0.07406079099746421,28.392614802759446,21.291277542104293,21.10142700301205
5.8,4.511340781095159,5.576510926044425,118.84640188627358,84.27007781040489,87.32966011134035,0.8433501669933321,0.08383512499858625,0.08818037499440834,28.37432243035433,21.291279353445333,21.058295847515534
7.05,5.381237473464448,6.83614250821477,124.13833260217814,88.49983763966806,92.81620105106116,1.1525453330104938,0.08961591600382235,0.09476233400346246,28.3445141427433,21.29130332710546,21.016386123492577
8.3,5.839587600815516,7.815347556088814,127.97882932005223,91.87205530402912,98.31050262621247,1.500340458995197,0.09073362499475479,0.10184037499129772,28.366239326982367,21.291243269728064,20.93564873506843
9.55,6.257604426316913,8.893506641588125,130.7675757254901,94.60963937123306,104.16728200635062,1.534173167005065,0.09194125000794884,0.10180204200150911,28.36376218891691,21.291260952716186,24.988346387541334
10.8,6.588511612140436,9.673922494612365,133.1942025242805,97.12214756959212,109.06492076154022,1.7731154580105795,0.09922116600500885,0.1059688749955967,28.375929628561035,21.291272197808485,24.904309137431813
12.05,7.952719780472879,10.855547693270543,135.02852926799557,99.41987260043662,108.717436708363,1.8504198330047075,0.10177870899497066,0.12162837499636225,28.336968779226588,21.270483554956904,20.854531219101435
13.3,8.90215254974431,11.960061137268463,136.4495754913122,101.2944197746584,110.42841101724514,2.0211827080056537,0.10312170899123885,0.12559754100220744,28.317445978824843,21.261655497120117,20.86565205590661
14.55,9.79758978972637,13.140280137944403,137.56690968768535,102.93490675043552,112.50202906364852,2.443309499998577,0.11100829199131113,0.14231266599381343,28.31373608968478,21.255778641081495,20.85667589574712
15.8,10.779107760643743,14.025163679351015,138.64450833470576,105.54944354851777,115.36412476428897,2.880771584008471,0.11832579199108295,0.13221158400119748,28.310691686216433,21.20853846633056,24.98461287625768
17.05,11.579772751238302,15.288093807380958,139.4024694047668,106.60778963409916,117.13818914971075,3.3743940419954015,0.13438299999688752,0.14721754100173712,28.297875100174327,21.21589098705979,24.967227719746294
18.3,13.01316448421706,16.31451524008079,140.15001545850137,109.82538695186045,119.74300218930648,3.2223079999967013,0.13807775000168476,0.15663408300315496,28.30047915371135,21.13720801764095,24.91965456509852
19.55,14.049070110430272,17.296116391533065,140.85678278880488,111.59244126080853,121.07495460446304,3.0920658750110306,0.1371982920099981,0.14330450000124983,28.30110350842609,21.11402545701632,24.91883708949468
20.8,15.781708776269134,18.41212385471568,141.40956839076657,114.52845793988168,122.11804394339602,3.477556416997686,0.146634290998918,0.15428408300795127,28.295471745641688,21.042108330654653,24.92216301634336
22.05,16.38727603887006,19.481019318215935,141.92064629057302,115.45679201881782,124.06695935838813,3.920863957988331,0.1558646660123486,0.16012099999352358,28.290746969032448,21.048051671465288,24.88462831790476
23.3,17.6085548568878,20.66412919837794,142.3475886113071,116.2212965560735,124.02002368641892,4.011735250009224,0.160157459002221,0.16364374999830034,28.274070391052554,21.050649291456264,24.925467531957317
24.55,18.761189298024707,21.738980582095376,142.7568937692395,117.17901866694906,124.39251450151058,4.390964749996783,0.15883945900714025,0.16707745799794793,28.27522948358512,21.045409593333122,24.947984004792225
25.8,19.65277713616866,22.678708804315313,143.13493938170762,118.8225922425654,126.10367482960396,4.358645667001838,0.16129991700290702,0.1689750420046039,28.283899872580598,21.018991096040622,24.912235395795342
27.05,20.955238017875637,23.772488091038312,143.450913338156,120.37151578763887,126.89864316101458,4.8188195420079865,0.1644202080060495,0.1703780829993775,28.270501770260633,20.990780833815823,24.90946940412214
28.3,21.918411262619138,24.893329341833756,143.73541492082032,121.2861387815777,127.8773263521175,4.734862083001644,0.17405870799848344,0.1771167919941945,28.265412260826142,20.984789705641617,24.897415769820764
29.55,22.54183759127835,25.91759679288014,144.01895134025406,121.63135566729309,128.80932849295436,5.029833583001164,0.17141666600946337,0.17882437499065418,28.264438467220344,20.99786173666637,24.88706972639202
30.8,23.84824295124743,27.16885026214483,144.2417642436946,122.36049655497338,128.99467956550814,5.782625874999212,0.18592424999224022,0.18546504100959282,28.25059740148297,20.99276123492808,24.90435361844715
32.05,24.661957229388847,28.079126679981094,144.4796912510838,124.08240405793302,130.84797289852992,5.094754791003652,0.18646987499960233,0.18841041601262987,28.26015899538063,20.95850259805472,24.847617494027112
33.3,25.79015943688993,29.035210328229173,144.69693458714974,126.25016950803445,132.49705556091618,6.520794916999876,0.1923607499920763,0.1938335839950014,28.255432620513968,20.906861731568537,24.793482367706698
34.55,26.706820664544896,29.977266386158327,144.90719841074298,127.50675672185623,133.5770606887383,5.559501292009372,0.1917410409951117,0.19386279200261924,28.263869716896046,20.88495855971499,24.765426220349013
35.8,28.548803003464997,30.9591722646968,145.08939149180543,130.12935903442417,134.35913031540827,6.161329832990305,0.18440766700950917,0.19983479200163856,28.262141469568334,24.97041213609732,24.74913046640305
37.05,29.89106249864529,31.90747177968561,145.27022751013698,131.9389179724805,135.34480431399828,6.9996216670115246,0.17741674999706447,0.19087775000662077,28.27443161114025,24.907639053336595,24.71970103791153
38.3,31.86324810314169,32.92550912181199,145.44057801542846,134.37456444611598,136.0621682606721,6.325413291997393,0.1759847500070464,0.17808554199291393,28.27758080286893,24.80260936718225,24.702054457621987
39.0,33.55942931065111,33.559429310651225,145.54345063137015,136.19354207207576,136.19352825838268,6.649760083004367,0.16416733399091754,0.15767804099596106,28.274456095364727,24.7076458199848,24.70764988494947
2.05,2.2499999999999982,2.2809220342858287,65.63310734249391,61.27635200466159,61.283645908645596,0.5823595839901827,0.057467833001283,0.060469292002380826,28.450385913090425,21.29130060723043,21.279557457030283
3.3,2.926343503100127,3.23886395014451,96.85650757704343,71.69521684609487,72.30675571313682,0.7525194170011673,0.06539633301144931,0.07118908299889881,28.46586672436887,21.29139167398778,21.199044474959305
4.55,4.149779545005539,4.677108003879509,109.89615763533018,79.01566395107614,80.20275447613366,0.8044485419959528,0.08215112499601673,0.08652229199651629,28.41473498617323,21.291274956433405,21.176359587293334
5.8,4.801138574466792,5.632506274873076,118.79732393033449,84.35873219608624,86.46979389475749,0.9394473329884931,0.0828075000026729,0.0878308340033982,28.385601176569324,21.291291391861126,21.12946542420539
7.05,5.384261231251712,6.795459167938003,123.98491444674539,88.72767177719047,92.82267477695596,1.23686504100624,0.0870410420029657,0.09106900000188034,28.330834639599107,21.291304710376014,21.026833761794887
8.3,5.878585048480346,7.612507471249346,128.24378945125687,92.47756331228517,97.91651263575514,1.1907243330060737,0.0833444169984432,0.09355995900114067,28.322616734920704,21.284082379540976,20.97498566038496
9.55,6.904473232974777,8.805622196295884,131.05569581269998,95.54405248398587,101.40696448899203,1.2899505840032361,0.09117587500077207,0.11023166700033471,28.30560957959102,21.25924328674748,20.95305252972663
10.8,7.990420421265082,9.921462620301728,133.13979661560563,98.4240368965988,104.35297725604002,1.4354637079959502,0.09430541700567119,0.11512579201371409,28.292554606443066,21.22400670900139,20.937076756272994
12.05,8.963811666086567,11.058850413886262,134.9664252227014,100.58032233507569,106.71797096970315,1.8478799169970443,0.1022065409924835,0.12446000000636559,28.27410392132586,21.214307087937406,20.931703071879586
13.3,9.779008691225918,12.026728418516303,136.42907882963848,102.96548018691756,109.79490264268239,2.066105083998991,0.10266229200351518,0.12332800000149291,28.276484288440056,21.188550023584728,20.894214343186174
14.55,10.094951261774266,13.000336786159036,137.66334439037811,104.37796642278877,113.367567335215,2.338354374995106,0.1034072920010658,0.13263441700837575,28.272441814983647,21.204992302298066,20.835792935589684
15.8,11.21776083113058,14.14799948811444,138.6357505929979,106.7697872652383,115.83968884206695,2.886456541993539,0.12184570899989922,0.12417304200062063,28.26371140972381,21.165406549981395,24.968379650596873
17.05,12.021479842680879,15.137810522942203,139.5096818950181,108.63192952626255,118.37361032187088,3.2591932079958497,0.12227741599781439,0.13412954199884553,28.273347360788197,21.143138491155426,24.92344006169227
18.3,12.705784631627425,16.034206393612855,140.29700910286704,110.36496697731525,120.87022888494248,3.584726333996514,0.12368270898878109,0.1393792500020936,28.280048546313644,21.125892713079725,24.87841752510408
19.55,13.708070976490315,17.127486407137507,140.88046624945628,112.74567322934001,123.80495877876278,3.1295905000006314,0.13128641700313892,0.15763779199915007,28.281273457284158,21.078364451657702,24.80150061440147
20.8,14.954201365800579,18.239043574683954,141.45758232811113,114.21274592368907,124.08850678755911,3.297162250004476,0.14087949998793192,0.14638454200758133,28.281845701592353,21.06225739606148,24.8403060020107
22.05,16.427085458857366,19.29488224915133,141.9555543494303,116.93275341594867,125.41286262957874,4.113152707999689,0.1453224169963505,0.15244691699626856,28.27665072465038,21.000268139369783,24.82844457404618
23.3,17.448209472017822,20.454744312197526,142.39730809100269,116.74873028755746,124.66155268921003,3.8440821669937577,0.15039500000420958,0.156535874994006,28.27192899099254,21.036335308616415,24.901769415989005
24.55,18.63172675853033,21.60705752560793,142.77241682382058,118.07617373582623,125.569779170061,4.269095874988125,0.15633429201261606,0.16268429199408274,28.26689540875401,21.01761026726722,24.897878539850968
25.8,20.198527053071196,22.672791300861828,143.1293258959383,120.1014465695348,126.12002612307273,4.526808958995389,0.15960833299322985,0.1625109999877168,28.26291863980667,20.97435434885677,24.910326633318967
27.05,21.34281792730382,23.722612012795466,143.45631531908992,121.50756711956171,127.09963127380077,4.503793167008553,0.16535374999511987,0.16828820800583344,28.270416299876825,20.952619043283857,24.90132101851777
28.3,22.14477783976016,24.742841799159958,143.74808954843192,122.79017815746768,128.74440767422888,5.540330374991754,0.17746179200184997,0.17437862500082701,28.269696107363142,20.935429166804806,24.859563573188794
29.55,22.967220537774892,25.707187164777693,144.02922358087454,123.5679090286718,129.632482221846,4.659970791006344,0.1805646249995334,0.17724212499160785,28.26978331124776,20.93361107376221,24.850830794111754
30.8,23.893100754251535,26.598562836698896,144.29339872309404,125.35398074810378,131.22695888974482,5.042618457999197,0.17995929199969396,0.18215504199906718,28.28045401789895,20.898266106118633,24.807298148819907
32.05,24.80428456809085,27.596035115972466,144.52208854789095,127.04003942434392,132.8632666813669,5.484133582998766,0.18729854200500995,0.18642554199323058,28.279586685579265,20.864011779268676,24.753574659881544
33.3,26.494844366692103,28.67032521709585,144.72993191308325,129.18707063448608,133.4650083869441,6.448418166997726,0.17808612500084564,0.18829400000686292,28.274404586929037,24.9668885861021,24.7489829856798
34.55,27.211452681139185,29.753302751518394,144.92071010157434,129.63391319671067,134.40146629583776,5.71284249999735,0.18168550000700634,0.19243441701109987,28.272010399392826,24.971747029877097,24.72309376924765
35.8,28.72545311706964,30.828918082826625,145.09782064570726,130.83621610959202,134.57932107410343,5.959711624993361,0.18033720800303854,0.19417329200950917,28.2766489977689,24.9379601691038,24.739144359520964
37.05,29.731926160493643,31.85916527636769,145.26867809380119,131.9780696679572,135.58945615883758,6.192731834002188,0.18067725001310464,0.19694770900241565,28.27284018578182,24.906516511771343,24.705720679121146
38.3,31.670116479308888,32.92494951395102,145.44224637617975,134.30768011213877,136.30336937855805,6.417879000000539,0.1754193749948172,0.16976329099270515,28.266869591149057,24.807003589682925,24.687260492556824
39.0,33.55942931065111,33.559429310651225,145.54345063137015,136.19354207207576,136.19352825838268,6.6579469999996945,0.16409708300489,0.15617983300762717,28.274456095364727,24.7076458199848,24.70764988494947
2.05,2.2499999999999982,2.2809220342858287,65.63310734249391,61.27635200466159,61.283645908645596,0.580796583002666,0.058390207996126264,0.06050412499462254,28.450385913090425,21.29130060723043,21.279557457030283
3.3,2.9998429754889764,3.5274780045122083,95.38788400372759,71.96863993124987,73.05808468304336,0.7482080829940969,0.06566937499155756,0.06863833399256691,28.4055118922432,21.291421848836794,21.123103915791855
4.55,4.0430905429571515,4.643443814450682,109.97313920433926,79.5995141784961,80.98151651221107,0.8066489170014393,0.08038174999819603,0.08084387499548029,28.352366527276036,21.291275160144632,21.15082384895023
5.8,4.717379728771143,5.631551037310134,118.55957808271947,85.21934309510573,87.63326384595626,0.8291105000098469,0.08339724999677856,0.08637766700121574,28.33123738398305,21.291287708460597,21.105376770478006
7.05,6.000551091766628,7.042324082613321,124.06288324616862,89.10100914322815,91.53660869867198,1.066049999993993,0.08296620799228549,0.09137166698928922,28.26972538707828,21.291249589160035,21.121982094230287
8.3,7.077315330968592,8.392802831916233,127.68843402407069,92.18495889133264,95.11371145456647,1.3400045830057934,0.09559250000165775,0.10064408299513161,28.245568083350662,21.29128236391482,21.10709959438326
9.55,7.5512702514902905,9.238177901180796,130.78855113838154,94.69046647490694,98.63975218825593,1.317326457996387,0.0959660829976201,0.10077329199702945,28.261068537522693,21.29128451857727,21.067146942893284
10.8,8.247410734412803,10.227426065752116,132.93296964917835,98.00421708269043,103.53456057876579,1.6677787499938859,0.10069399999338202,0.11232433399709407,28.25254279810832,21.238179823828663,20.962111704441977
12.05,9.418272881604697,11.334502543549574,134.76237786642758,100.77682178528275,106.10904190283937,1.9288590840005782,0.10709529199812096,0.11983683300786652,28.24129098058733,21.200358259505986,20.951469277799205
13.3,10.150019709070094,12.418016684767123,136.22193019664195,102.52666244760192,108.75228619702871,2.535230875000707,0.11234658399189357,0.12691316699783783,28.243843472117018,21.201638125345276,20.925712386316974
14.55,11.327272150883282,13.434304449324205,137.51129876225068,104.7443655229107,110.39413978807931,2.581891333000385,0.12109950000012759,0.1263309579953784,28.240759394171157,21.17007139721843,20.930049540168167
15.8,11.870176785425143,14.482966875128024,138.47193774596172,105.99113868518104,112.9313937939697,2.605300833005458,0.12145624999538995,0.1323112500103889,28.23867313833331,21.18029111959577,20.89624545723736
17.05,13.324995565477135,15.59967050939457,139.39896363920585,108.13175408559964,113.92731283269146,3.0664237089949893,0.12792708299821243,0.13926925000851043,28.23943344740496,21.143628650751868,20.913860785974123
18.3,13.756924381539918,16.45358727127878,140.20543123772836,109.76243439919747,116.98727487100618,3.520876041991869,0.1406973750126781,0.15149154100799933,28.259764603515908,21.134040227185768,20.85989338477051
19.55,14.204019239384007,17.46259974760561,140.83753275760733,110.94995286766007,119.75432194871011,3.7777072500030044,0.14456170800258406,0.14593112500733696,28.2660141872047,21.135382134278537,24.969109206894633
20.8,14.944926176740928,18.55768608835949,141.4085988815654,111.07826039843678,119.87283533433325,3.608839916996658,0.1392778330045985,0.15835683299519587,28.26424627650468,21.16843534560419,20.84317453586225
22.05,15.639199751685137,19.711352933712675,141.8877306078656,111.68977296121015,121.07979367232213,3.7988696249958593,0.14287399999739137,0.16610899999795947,28.25799585010225,21.181314716422577,20.836783919891086
23.3,16.87981421332548,20.847264810874478,142.32707912345614,113.27157773454594,122.2454952276747,3.9125856250029756,0.1554362500028219,0.16374208299384918,28.258373331599483,21.15322117389293,24.99475932055571
24.55,18.385837332878538,21.985140101479193,142.70920241847642,115.55689811406694,123.69407937723147,4.4590473749995,0.16216750000603497,0.170189999989816,28.256151685335773,21.1004289206102,24.971642057741107
25.8,19.75783363732247,22.99373406232776,143.0836194437482,117.583184321423,124.86048485563015,4.5916340420080815,0.16691816599632148,0.1737682910024887,28.260426785314788,21.057393197967254,24.959899805002735
27.05,20.83956446950396,23.957775084023613,143.4320751930142,119.19162090811906,126.10557410118895,4.354269875009777,0.1662451250012964,0.17319950000091922,28.26299435333791,21.028807420655472,24.94099951809949
28.3,22.377763738889353,24.874386804178897,143.7453298452479,122.41832014385152,128.00673676590014,4.80124991699995,0.1793456250015879,0.17655733300489374,28.266045747316742,20.946023299499974,24.891818720173312
29.55,23.29139714553819,25.90200329245702,144.02085569534083,123.21850479350658,128.8381001403955,5.008998042001622,0.1812344589998247,0.18081345800601412,28.261718604809506,20.942950186727362,24.885533771730987
30.8,23.79184293888561,26.910907652362564,144.2733178190611,123.61308924382959,130.08854017126527,5.386581458005821,0.185389332997147,0.184295832994394,28.262058929915572,20.95337273374871,24.85691798087855
32.05,25.445093882643043,27.874083948843495,144.50591712332002,126.22632825092072,131.10415199631277,5.405412124993745,0.18806529100402258,0.18622970800788607,28.26805134562406,20.88636879022359,24.837762751004515
33.3,26.38759893083496,28.904755812687256,144.7218839225115,126.56817298247915,131.41935339638567,5.2477534170029685,0.18374991600285284,0.1844009580090642,28.268466567090446,20.894875998570843,24.85040497862738
34.55,27.75947535911522,29.901920945027424,144.91431275714564,128.69784562541886,132.61661846981548,5.785373624996282,0.19004383399442304,0.19258858299872372,28.267545554389645,20.84181002751995,24.81744643228818
35.8,28.51316035182986,30.790480418085764,145.1018664708576,130.39166635287475,134.4613255794285,5.84000991701032,0.18272683399845846,0.19879916599893477,28.27988354705918,24.960103353634402,24.74676013407916
37.05,29.72561410870184,31.88502003620084,145.2689210578372,131.354435121533,135.0180420194122,6.775502333999611,0.1785640419984702,0.1950087079894729,28.276640108699755,24.936546125394806,24.739156455953307
38.3,31.629083405452814,33.00851332380829,145.43496421510872,133.39575234842272,135.59209929407416,6.729525124988868,0.1685201660002349,0.17012237501330674,28.27520347601135,24.8543618828749,24.72887413538697
39.0,33.55942931065111,33.559429310651225,145.54345063137015,136.19354207207576,136.19352825838268,6.614835833999678,0.1625900829967577,0.15502320899395272,28.274456095364727,24.7076458199848,24.70764988494947
2.05,2.2499999999999982,2.2809220342858287,65.63310734249391,61.27635200466159,61.283645908645596,0.5762447909946786,0.056856167007936165,0.06018183300329838,28.450385913090425,21.29130060723043,21.279557457030283
3.3,3.4608622644327975,3.716550603197395,96.10375561780093,72.4226010848492,72.86126773328633,0.6960254579898901,0.07632116600871086,0.07529683399479836,28.41276004919374,21.29128338934036,21.22182264802996
4.55,4.267121350820792,4.759492752437471,110.23416797272326,79.88117766416109,80.9008289707843,0.8771438749972731,0.0811829579906771,0.08749787499255035,28.33982752802831,21.291274540894744,21.18129292485588
5.8,4.838749134014057,5.864767365520627,118.36736727475133,84.87278171780193,87.53792564242909,1.0474416659999406,0.08573008299572393,0.08944054201128893,28.33227917146662,21.291292449041315,21.079386292847005
7.05,5.766725907897107,6.91588746246797,124.09422919660919,88.8962810112737,91.74902132788488,1.0651556249940768,0.08220187500410248,0.09510658300132491,28.288731082249146,21.291238139759685,21.094139196203415
8.3,6.55139116529262,8.014577624952352,127.95443395886662,92.07394023914969,95.71986389108572,1.185482625005534,0.08606012500240467,0.0991117499943357,28.277618987125948,21.29127146141064,21.067459463873014
9.55,7.083811485859027,8.992011894511183,130.93888117049772,94.75604745971452,99.76782844520726,1.2904546250065323,0.09046520899573807,0.11083950000465848,28.27313699822098,21.291280070770757,21.015331753977723
10.8,7.653055337993924,10.06350624917486,133.03180484357134,97.00975668373773,103.56616641471874,1.6222887500043726,0.09875712500070222,0.12036400000215508,28.270242312169305,21.29128632506389,20.96079795284633
12.05,9.040995269151896,11.169946609321105,134.99465349780803,99.75183054862111,105.31402204683486,2.395448541006772,0.10517354200419504,0.11696208400826436,28.269647137017166,21.245876091166846,20.980658277963403
13.3,9.921460488178429,12.388283095922187,136.41536697644065,101.14483248548018,107.07368866567865,2.3949299590021838,0.11030383298930246,0.12310291599715129,28.26110473096143,21.258756247031297,20.984825720683613
14.55,9.955871563349284,13.094546976620027,137.703232115018,102.98735363482254,111.51965530375928,2.6354840409912867,0.11041508300695568,0.12867204200301785,28.28483096069404,21.256282179540523,20.893620085811296
15.8,11.146301485802118,14.165066263142238,138.65512940342097,105.76947557401824,114.4758205827317,2.6928618749952875,0.12142179200600367,0.13835108300554566,28.278714313801746,21.197954668742693,20.849141102683642
17.05,12.082095280013245,15.40077239132568,139.44330160004128,106.63466733452363,115.3051261316474,2.8179390000004787,0.12575237501005176,0.14203450000786688,28.26590389925163,21.210922055647618,20.86713971403542
18.3,12.82254587029119,16.406280009306546,140.22591469188146,107.59830788675416,116.41170248556712,3.017915250005899,0.12663083299412392,0.14115245899301954,28.262699765505495,21.219922443593962,20.876096662937183
19.55,14.207099110731392,17.36060707715393,140.9177172112987,110.40401338735849,118.55534279458568,3.009753083999385,0.13076891600212548,0.13848599999619182,28.267281005639934,21.15319786594978,20.848790472133324
20.8,15.367604156933602,18.468515864172765,141.4676236648645,111.64288215060216,119.23524427308578,3.434184333003941,0.13306954099971335,0.14561262499773875,28.264145788581764,21.142699908944714,20.863617409903263
22.05,16.45891375513976,19.5279594023282,141.9357807542803,113.64210159333697,121.29749490334382,3.4942607919947477,0.14478483400307596,0.1467992499965476,28.275008240091307,21.10561806739064,24.996936313584595
23.3,17.311494699808044,20.78453604878258,142.3431471286019,114.11555468462322,122.169889822303,4.1381782079988625,0.15231370899709873,0.16118524999183137,28.264730324780967,21.1208687516865,24.998739991791105
24.55,18.02254984237647,21.78294331690831,142.7392419133699,115.8091398710819,124.66029784227683,4.205340000000433,0.15506891600671224,0.16105404200789053,28.263893368668015,21.09444078764597,24.932736056233303
25.8,19.275421316646785,22.638965833491646,143.1113377458976,119.17065193333103,127.51420799354298,4.118342458008556,0.15758920900407247,0.16587724999408238,28.271618981328928,21.009129760669374,24.847469917517067
27.05,20.37831600945188,23.600772544984256,143.4587853995137,121.0587791622136,128.92745178399093,4.224675334000494,0.1635701670020353,0.16945958300493658,28.26842750487312,20.973206284531337,24.821009289610448
28.3,21.268547505096144,24.661452943135124,143.75857493223714,121.5928514153647,129.43949702418644,4.660517957992852,0.16765324999869335,0.174643708000076,28.277464398046337,20.98004245893116,24.83044631603588
29.55,22.258584973677067,25.65385225487034,144.03620486658554,122.91776471985204,130.5241038726053,4.880294208007399,0.1739087909954833,0.17802641699381638,28.27274045649926,20.95971130775678,24.81135305648766
30.8,22.863460861823295,26.85163395407272,144.2747034215526,122.09784952796561,130.37879166919504,4.587490457997774,0.16827083300449885,0.17773591600416694,28.265177603917515,21.007286991442356,24.844785578717314
32.05,24.176160767426943,27.93561452259395,144.49658111275477,123.42895114240267,130.9280903439357,5.232989250012906,0.17786716599948704,0.18123862499487586,28.265148475686473,20.98211591147706,24.84555673009539
33.3,25.502080226217863,29.033451103658567,144.6927229828361,125.33208832148993,132.12228072152277,5.549790667006164,0.1849315829895204,0.19047699999646284,28.25892123574932,20.93741668276053,24.811683299868218
34.55,26.64757605046374,30.138811015096834,144.88959814314052,126.71695274756772,133.12254580927305,5.774863874990842,0.18437279100180604,0.19012145799933933,28.255462816678783,20.90988263382231,24.785709517053895
35.8,27.743250260378648,31.027879380160655,145.09327208286197,128.025866839748,133.8603158177238,5.802599417002057,0.18471737499930896,0.19036712500383146,28.26365880663269,20.884811768636414,24.77543040539802
37.05,29.4219580241749,32.12908338169496,145.2589004830503,129.7177756714253,134.21657832790623,6.123051417001989,0.18182762499782257,0.19170470899553038,28.265470375944183,20.842166823351874,24.779823674991956
38.3,31.281720301648026,33.06253287837031,145.44001702592004,132.5658885160796,135.40419191299776,6.205497208997258,0.1669196250004461,0.16482787499262486,28.266465594391743,24.89744242526613,24.739462524491714
39.0,33.55942931065111,33.559429310651225,145.54345063137015,136.19354207207576,136.19352825838268,6.641389500000514,0.16418154200073332,0.15726129100949038,28.274456095364727,24.7076458199848,24.70764988494947
2.05,2.2499999999999982,2.2809220342858287,65.63310734249391,61.27635200466159,61.283645908645596,0.5813784580095671,0.05726895900443196,0.06043008300184738,28.450385913090425,21.29130060723043,21.279557457030283
3.3,2.5270008012661007,3.015617699530436,96.95756865411775,71.49567491152553,72.7465576465548,0.6750112909940071,0.05749370899866335,0.07585199999448378,28.502037575430542,21.29128686531198,21.11983352638263
4.55,3.620076278258965,4.373420799877902,110.14061650414723,79.14781573411537,81.25460180179905,0.7633103749976726,0.07640408398583531,0.07870887500757817,28.42546302709627,21.291281579038166,21.093434320873587
5.8,4.872500133385293,5.711830968026984,119.05083385138546,84.86183281099264,87.01564913568502,1.011878000004799,0.0850143329880666,0.08973666701058391,28.36651452756531,21.291293513496672,21.124240505722515
7.05,5.3293302599897014,6.644572808014134,124.42293172705783,88.97976263692689,92.8102022322009,1.0608164169971133,0.08682066699839197,0.09221550000074785,28.345425945192744,21.29130479473374,21.043987331120583
8.3,5.61803750684467,7.683733056133841,128.06227862844042,92.28998294714549,99.57964398271882,1.3773809160047676,0.09427479199075606,0.09696158400038257,28.339150959179367,21.2913023035037,20.8941732638106
9.55,6.767445806048073,8.86085936977029,131.0214092477382,95.00122141973665,101.16379984948705,1.5743388749979204,0.09161883300112095,0.11221279200981371,28.32613543540064,21.291276344023874,20.968772290210236
10.8,7.577279275715776,9.906675769387881,133.2496552658261,98.67820032074903,106.96014829428357,2.1074020420055604,0.09763345800456591,0.11701862499467097,28.297818904881773,21.22284234001647,20.840924187356062
12.05,8.419989880921296,11.052853718144496,135.0023077371126,100.41893572826238,108.9621809814449,1.8605522919970099,0.09504687499429565,0.11910599999828264,28.29588434763509,21.23410067655299,20.854113013734874
13.3,9.200496602540182,12.210681901644767,136.34183128133634,102.1986427510217,111.59148281908244,2.3257643329998245,0.10133912500168663,0.12077737500658259,28.286303938744762,21.233570749967907,24.999400165362463
14.55,10.27413618894371,13.251375364551976,137.5832355239516,104.22029400321976,113.07085808649826,2.660124417001498,0.10688162498991005,0.1320140000025276,28.27373059731958,21.21182027579426,20.84709863964192
15.8,10.777498438236801,14.204611005261246,138.59908256201575,106.23409402109601,117.03875400637999,2.866491207998479,0.1132199169951491,0.1325356669985922,28.27570346731147,21.192037966214404,24.918040199496538
17.05,11.545016727639744,15.07350141105873,139.497437106053,108.6658900342743,120.4384000350431,2.8304786659864476,0.1230598339898279,0.13859945900912862,28.286026313719024,21.14997910667338,24.840116707401975
18.3,12.462418008364377,16.230203168580065,140.21163655442282,109.48313459265862,120.80807645010643,2.942188665998401,0.1288933750038268,0.14780375000555068,28.263455735694272,21.161328291332037,24.877452533358813
19.55,13.16401901871124,17.12838539366744,140.90666738246745,111.35029823825796,123.53556140911174,3.160680917004356,0.12968558400461916,0.15085604198975489,28.280409550465492,21.135795474339858,24.81720009632982
20.8,14.42120597481706,18.123640072248985,141.49152988513936,113.39190373255144,124.43476354548413,3.3859312090062303,0.12800304200209212,0.13828241599549074,28.281278133698564,21.096891043718067,24.828428222965023
22.05,15.171101958709768,19.113318229656848,142.00819926481,114.34684419089362,125.66045320528175,3.137654999998631,0.1386665829923004,0.1471880000026431,28.291041668679057,21.09745957090418,24.820880155388057
23.3,16.321723177796777,20.165895277135537,142.4501410456565,115.70574275081086,126.22361855255721,3.553198916997644,0.1487191670021275,0.15554308399441652,28.289351458136814,21.079435229861677,24.838218461953435
24.55,17.5175285021913,21.140064179861714,142.84882016389486,118.11305752139413,128.07197514532615,3.9721269580040826,0.15011441700335126,0.1555602500011446,28.29573448882901,21.026137602040386,24.795618871903034
25.8,18.41450889735097,22.196993410053274,143.17277600719234,119.83463787367278,130.07300902650155,4.225378499992075,0.15877279100823216,0.16524283299804665,28.294143126920826,20.995392209198112,24.73598933658354
27.05,19.328157218040715,23.23812288567814,143.48857018636988,121.3972117764337,131.69512376804272,4.43561512499582,0.1662598330003675,0.17870687499816995,28.291757056631702,20.969714084888526,24.690568936988903
28.3,20.833057052263083,24.328783219996353,143.78701493286258,123.35740365667047,132.06759571221355,4.841065875007189,0.17113220800820272,0.1792394170042826,28.29415447682238,20.92710539422237,24.70596195670863
29.55,21.2140782562821,25.230189628445633,144.05946333986492,124.52215965994635,134.392929914769,4.986325666992343,0.17602579099184368,0.18855112500023097,28.30261417760305,20.91450140563546,24.612232591137225
30.8,22.45094164510685,26.42968821210634,144.28944402482261,125.34783960294313,134.432466756326,5.7338675830105785,0.19665641699975822,0.1842465420049848,28.286994599924494,20.905621859511303,24.637797348694196
32.05,23.990796227673755,27.717785287784356,144.5028355353971,125.06827531250426,132.84875628020248,5.519158750001225,0.1907593329960946,0.19137054099701345,28.280147316680885,20.931502865240244,24.752941462383156
33.3,26.037710158732544,28.8998456893209,144.70417602011224,127.38428603922605,132.93687057300804,6.108102375001181,0.19815220800228417,0.19852454199281055,28.267313398145948,20.86939727322894,24.77276107112779
34.55,26.884862917517964,30.103246088593608,144.88640906224134,127.18894883384272,133.10305051900244,6.867359583004145,0.19585674999689218,0.19916620799631346,28.25412348820361,20.89338903577329,24.78732369750711
35.8,28.475284737713565,31.124948080580936,145.07863443556062,129.0974118613535,133.6842980686049,6.1848002079932485,0.19050620798952878,0.20191070799774025,28.256946519452434,20.845656026302557,24.782826141760694
37.05,29.731821601034774,32.054599563799925,145.25961221242193,130.73973004126947,134.6186843913402,6.032559292012593,0.17760933299723547,0.19127058298909105,28.269966169319257,24.963743016400613,24.758670628204573
38.3,31.522935508531184,32.910437976217416,145.44120306179286,133.81430023105364,136.03718560519678,6.330756958006532,0.17141850000189152,0.16978075000224635,28.263325640984068,24.834120676876715,24.704010034936168
39.0,33.55942931065111,33.559429310651225,145.54345063137015,136.19354207207576,136.19352825838268,6.742308791988762,0.16625104199920315,0.1599387499882141,28.274456095364727,24.7076458199848,24.70764988494947
2.05,2.2499999999999982,2.2809220342858287,65.63310734249391,61.27635200466159,61.283645908645596,0.5910252089961432,0.057873917001415975,0.06145466699672397,28.450385913090425,21.29130060723043,21.279557457030283
3.3,2.9068393574775655,3.435809908737461,95.8420623714076,72.04121072629583,73.18625867692248,0.6652902909991099,0.06404358299914747,0.0691532500059111,28.421686357162177,21.291383848793302,21.113995758391074
4.55,3.6830626104973936,4.520545560843613,110.36248060866942,79.36165583580885,81.66081507451815,0.8396835420135176,0.07859720799024217,0.07557758399343584,28.383913907456744,21.291279873513307,21.066649112438352
5.8,4.655705803756678,5.616362919546274,118.4519998660124,84.69135504543286,87.27828645462587,0.9041776670055697,0.08610216699889861,0.0905046670086449,28.35980593184585,21.291284698962233,21.09114081078299
7.05,5.267063021968321,6.744665479859338,123.82862652403571,88.72749630643955,93.14405997555475,1.0837738330010325,0.09092775000317488,0.09425183301209472,28.316181020459485,21.291302541434476,21.00566775676946
8.3,5.808343426900443,7.673079987420457,128.06137311122683,92.18912094365504,98.07793340788406,1.2624403329973575,0.08575745800044388,0.09401849999267142,28.307928156506904,21.291239484583468,20.955890366542285
9.55,6.160877168120026,8.596167577729538,130.99787685687073,95.3240839134563,104.7463300742365,1.5347195829963312,0.09025562500755768,0.09528433400555514,28.326186094951623,21.2693334941185,24.97004737922465
10.8,7.150293410369002,9.63876780738715,133.2986623318945,98.68063892264652,108.70960019987263,1.5953763330035144,0.09531737500219606,0.10556216699478682,28.317132465492623,21.221334638526248,24.925009514862754
12.05,8.291512436310004,10.935008827899795,134.97994754468158,101.2211876432906,111.03989119180567,1.9671724170038942,0.10366616700775921,0.11372224999649916,28.292736857334294,21.199121336034807,24.929349814799387
13.3,9.458265027848935,12.045336786533834,136.3831555730174,103.84498500069569,113.12736960155587,2.2305660829879344,0.10874183299893048,0.12791066599311307,28.273856176521118,21.15871711923864,24.92807572796922
14.55,10.289159132825844,13.072774665388332,137.5927101829277,106.0712208667367,116.15347798166837,2.329873166003381,0.11227054199844133,0.12416079199465457,28.275221372402573,21.132483784397362,24.87661581920293
15.8,11.330520095843326,14.178993422828661,138.60006197970054,107.78015382426808,117.40578493969952,2.7045310419925954,0.12299183299182914,0.1349748329957947,28.265950449352122,21.12018584435448,24.893380095628444
17.05,11.971297832086236,15.25535759859261,139.43473397560632,108.87434539331971,119.48453275105518,3.020949041005224,0.1240767919953214,0.14101687500078697,28.262691311942447,21.129854694851172,24.8661683013859
18.3,13.241439679073764,16.31413129016065,140.18622454275834,111.08432960254424,120.62638005542219,3.211387083007139,0.12934975000098348,0.1517898750025779,28.255577345196958,21.093099014367784,24.880259874812882
19.55,14.318502960362439,17.470874698417163,140.77673955828521,112.9603598027494,122.50534098513819,3.1660612499981653,0.13841979201242793,0.14491645799716935,28.247820215257686,21.062631063954793,24.847270913740353
20.8,14.88202529987365,18.409631461725326,141.35082445255182,114.49466346021211,125.27450608967781,3.182608542003436,0.1450055839959532,0.15130733398837037,28.263894988347072,21.048984483608205,24.776584160470527
22.05,16.03209605025652,19.4652801675775,141.857491962104,115.94046849031065,125.91993109012067,3.6764069579949137,0.1529139999911422,0.15540141699602827,28.256914486384215,21.03011099359558,24.793128135119733
23.3,17.228783596713736,20.509998336602536,142.34753930610324,117.41349167165518,126.47644562615774,3.705719749996206,0.15435670800798107,0.16272249999747146,28.265427721496284,21.011219559219022,24.814326192478767
24.55,18.28962177454852,21.44203142892748,142.7808802257704,119.59159725416077,128.19657743289994,3.799375541988411,0.15562204099842347,0.16141112499462906,28.275798626303512,20.96953605477977,24.780024112489915
25.8,18.882407953581644,22.3439728341694,143.1490976137162,120.15542973075397,129.35206242052135,4.248666375002358,0.16354258300270885,0.1655794580001384,28.287685418403832,20.979560814709487,24.765659220235055
27.05,19.856077763168514,23.313773150979472,143.47415172645364,122.06392623460295,131.1057454019508,4.5304953750019195,0.16722054200363345,0.1747467079985654,28.28905823074261,20.942576813808987,24.716954836928018
28.3,21.393905228204,24.516543782246462,143.75275636340575,123.6544563873462,131.24749492998876,4.5459839579998516,0.17608262499561533,0.17787699999462347,28.277428948422923,20.910847658456767,24.740453305984367
29.55,22.07291106064134,25.641929578881673,144.0155791129111,123.01767203651661,131.13430860562275,5.019561834007618,0.18044020800152794,0.185224916000152,28.276970720065794,20.954721290407235,24.77772402995668
30.8,23.77586296997267,26.641261721165744,144.27705632802665,125.63199286021813,131.88222911228183,5.049975125002675,0.19174049999855924,0.19244066599640064,28.280921959566165,20.888565504984886,24.772234408901923
32.05,25.604645352713078,27.7217603089433,144.5045385861873,127.94562408999755,132.26053976369377,5.957790500004194,0.18827729200711474,0.19047883301391266,28.274273036600242,24.994381778841973,24.782030932091835
33.3,27.020981253878894,28.771245660757845,144.71201696275867,130.37872334264608,133.80279678910287,5.928193291998468,0.18536970800778363,0.1937936659960542,28.273279756543165,24.908000717333756,24.727660538500825
34.55,28.424324968015014,29.802200123667323,144.91281966372543,132.03556835868017,134.59164939446788,5.716179958995781,0.1893472079973435,0.19403812500240747,28.271059023524245,24.852206182915495,24.711161176867556
35.8,29.071967760815497,30.918290182097913,145.0832530834686,131.9738561481019,135.2201247232193,6.202038582996465,0.18839441699674353,0.19957883399911225,28.26197065184607,24.879924907588304,24.698913073116884
37.05,30.248280334310714,31.929696258216484,145.26414856419794,132.83913997282443,135.65571021576733,6.513292250005179,0.1838215419993503,0.19450204199529253,28.273201622141162,24.860509150893897,24.69976163921509
38.3,31.484230980025245,32.92878246691495,145.4391254203511,133.74163796051502,136.0535623092186,6.606862625005306,0.17226525000296533,0.17035779199795797,28.277958300924812,24.8376982832205,24.702475442113645
39.0,33.55942931065111,33.559429310651225,145.54345063137015,136.19354207207576,136.19352825838268,6.752335625002161,0.1661249580065487,0.15956308299792,28.274456095364727,24.7076458199848,24.70764988494947
2.05,2.2499999999999982,2.2809220342858287,65.63310734249391,61.27635200466159,61.283645908645596,0.5902098329970613,0.05781579100585077,0.0607582079974236,28.450385913090425,21.29130060723043,21.279557457030283
3.3,3.5504831953121654,3.776663263235882,95.93959220897992,72.23503468662301,72.57595731027405,0.7512948750081705,0.07639508400461636,0.08006612499593757,28.373187599910676,21.291282326393787,21.232276369062113
4.55,3.7844429407825646,4.398185465793302,110.84553538011971,79.45631749942791,80.97146783199484,0.8102097910013981,0.0769687919964781,0.07236191700212657,28.396644024629595,21.291278023054648,21.140991370731502
5.8,4.439562843510189,5.569397853114518,118.89568044057091,84.78749497106047,88.24367205268247,1.0306089160003467,0.08358470800158102,0.08751645899610594,28.37048622480127,21.291277365985025,21.034251935671445
7.05,4.977961273009065,6.637409869950663,124.42017202730399,88.82334097820838,94.59146803922988,1.2866434580064379,0.09113700001034886,0.0962734159984393,28.377775972910495,21.291298057066946,20.9396123823914
8.3,5.546715762867914,7.722500796713414,128.23333170715824,92.45662614565347,101.00846792020833,2.2961109169991687,0.09328366701083723,0.09214820900524501,28.36631598263495,21.274449241652636,24.989369144037635
9.55,6.280954902538241,8.720202026993581,131.092662355546,95.27203286440523,104.53924724397454,1.709021374990698,0.08957825000106823,0.1007070420018863,28.368274304023974,21.26933155891421,24.98201439239177
10.8,7.574637196402826,10.066434337371152,133.13254344156312,97.90371459044252,106.19256469324652,1.8618307079887018,0.09915358400030527,0.11874029198952485,28.331039919809065,21.251179567324318,20.8645418872165
12.05,8.578352754858788,11.226993889550512,134.89949450033546,99.64671803236577,107.2903973346715,2.2673030830046628,0.10141304199350998,0.12381412499235012,28.298461881402137,21.26117373807025,20.91149355011121
13.3,9.331035040287226,11.970270993536165,136.52210952139205,102.33888065924337,110.5539720021058,2.2218216250039404,0.10456224999506958,0.12715825000486802,28.320249550521464,21.22110706771853,20.87322295963297
14.55,10.700129440783329,13.004031590667067,137.76768474602972,105.45363334199149,112.7757278976356,2.6359474580094684,0.11529916600557044,0.14484679100860376,28.315750772673656,21.155160929341523,20.861575112108415
15.8,11.617497835463432,14.296749649659176,138.65943678442073,106.79066456525739,114.76088581632946,3.031235958012985,0.13326054200297222,0.14672204200178385,28.293650367629354,21.16024715422612,20.846606042553322
17.05,11.991608608328015,15.287575948673915,139.50498003719568,107.72091845447316,117.30437793241519,3.157708624989027,0.13286949999746867,0.146576291997917,28.30378436331954,21.181009652654275,24.97461286194747
18.3,12.986906429193908,16.266566323363307,140.2648731284516,109.82847920814365,119.48003529600028,3.4768476659955923,0.1431940000038594,0.1573429580021184,28.30237631458521,21.14461732110424,24.93997551044069
19.55,13.81696295145544,17.27702596295424,140.91728295329398,110.93380673806215,120.59832265770315,3.8471454579994315,0.15353850000246894,0.14836912498867605,28.297611399248428,21.145815632634594,24.946621323054785
20.8,15.341999516201682,18.341858251977566,141.48766396009032,113.31110515573125,121.51541429560845,3.3981445410026936,0.15395479099242948,0.15371175001200754,28.28959224693443,21.092297841455288,24.953788300122547
22.05,16.26744493058729,19.361874502011638,141.97996890133575,114.91396466696567,123.27061419258976,3.5653016249998473,0.15384812498814426,0.1611058749986114,28.285349710297115,21.069911664578065,24.922848626560455
23.3,16.799440286023366,20.256309622573884,142.42488672760842,116.1699045216319,125.59831896435173,3.9505765000067186,0.1550539579911856,0.16516570799285546,28.2956459908945,21.060131950307053,24.865604294670035
24.55,17.7409790466332,21.38797832189313,142.81255615318406,116.77856856067581,126.0706453291045,4.217427333001979,0.1601355830061948,0.16651724999246653,28.29274033942974,21.067517120887825,24.88211712051393
25.8,19.536875517475195,22.54783338493463,143.1550372885722,119.17279371408782,126.56385920627329,4.585976916991058,0.16742399999930058,0.1838339159876341,28.281365197472784,21.009207692323976,24.894129491392803
27.05,20.28063016975566,23.660053553067414,143.46153085779986,119.86531111171996,127.80692694802732,5.082615249993978,0.16961333400104195,0.17665725000551902,28.27448228382371,21.01229764271813,24.871347969142438
28.3,21.631487922707436,24.610300690358194,143.7658075898317,122.69945871285884,129.67997890927916,4.839325791996089,0.17391566700825933,0.1767648750101216,28.269532425203987,20.94247709882238,24.81884959846159
29.55,22.404924562699243,25.73406847186931,144.0251621305704,122.63076313015407,129.9887024787354,5.008737750002183,0.17997654200007673,0.18562145800387952,28.26987129432118,20.966691719996025,24.833969845261443
30.8,22.86489498680824,26.745932557196763,144.2787070175068,123.07052994727833,131.36489762482427,5.371261542008142,0.19041475000267383,0.1893845419981517,28.274728158177435,20.97606341952307,24.797864914722382
32.05,23.5765352608749,27.8392660391464,144.50831520071023,122.94651113792789,131.5572652091099,5.771773166998173,0.1858852500008652,0.19133037500432692,28.270717875125698,21.00061527438756,24.81660318295851
33.3,25.694761347814996,28.88960699135842,144.71113164224013,126.33826302035197,132.57302791093903,7.113409124998725,0.195426165999379,0.196624417003477,28.26406361813991,20.904964467674933,24.79213233305877
34.55,27.190217082914575,29.898605405510637,144.91293389199492,128.7501819730589,133.75062439134464,6.086009708000347,0.1939645410020603,0.19545958399248775,28.267506857377906,20.84189648652834,24.757220405611925
35.8,28.59901144654279,30.973823041206863,145.09266513795495,130.1688709652939,134.333411069415,6.016821791999973,0.18661608299589716,0.19867283299390692,28.268746619696024,24.968278185010586,24.750398456773496
37.05,29.809829622281562,31.986680497975147,145.2657547319876,131.47522873269565,135.12429815394177,6.856126375001622,0.18023558300046716,0.1885457500029588,28.268244991277278,24.92931242438436,24.73081360351369
38.3,31.549443357366997,33.02685178583595,145.43817396735622,133.27747946422636,135.62642216631193,6.850306208012626,0.17131891699682456,0.1708785000082571,28.276373514727656,24.860695768667814,24.726713426943775
39.0,33.55942931065111,33.559429310651225,145.54345063137015,136.19354207207576,136.19352825838268,6.730070332996547,0.17449991600005887,0.16008199998759665,28.274456095364727,24.7076458199848,24.70764988494947
2.05,2.2499999999999982,2.2809220342858287,65.63310734249391,61.27635200466159,61.283645908645596,0.5992713330051629,0.0578835420019459,0.06329208299575839,28.450385913090425,21.29130060723043,21.279557457030283
3.3,3.1668266688429068,3.62728781866281,94.93054616371487,72.37742999974022,73.28803625770142,0.68936424999265,0.06962124998972286,0.06377429100393783,28.39335775858209,21.291285611997477,21.15152990106485
4.55,4.142272819497059,4.946933657363951,108.10734932197735,79.4512382339829,81.23835592787916,0.9705874159990344,0.08012275000510272,0.07774804200744256,28.321633311520205,21.291273923798673,21.100748794301477
5.8,5.067551831152035,6.028552806357651,117.53388142857702,84.39666418222978,86.60897345115322,0.9657273329939926,0.08980891700775828,0.09560637500544544,28.2960283190321,21.291299305259177,21.105614216817738
7.05,5.96071936581359,7.195098437888357,123.68185302132702,88.91068488182701,91.94929420910971,1.2026807499933057,0.09495712499483489,0.10695950000081211,28.26659695096783,21.284591500447316,21.07397518851491
8.3,7.08117694690136,8.460798707783661,127.55821784507279,91.87293062110163,94.97843590428309,1.425718540995149,0.10050845799560193,0.10583816599682905,28.26356546957563,21.285647889882146,21.08898592185394
9.55,7.6437795266951785,9.350937847172569,130.71240993856753,94.67140369399857,98.7089418334023,1.6227419589995407,0.10071429199888371,0.10451129100692924,28.262049277508616,21.283601603173594,21.05507249261304
10.8,8.06348022548089,10.29312565762018,132.91180570298542,97.33921599957381,103.30991491828709,1.6923380420048488,0.10269637499004602,0.11648170799890067,28.263180540041567,21.26882305911812,20.967129378542687
12.05,8.873277089948594,11.217600799810073,134.76291801004317,99.83858262649552,106.307184051691,2.1658573750028154,0.10700162500143051,0.11954691700520925,28.257881740154556,21.243600252942738,20.939668740404816
13.3,9.442497887588218,12.246859625720344,136.37090472032247,101.3361532135266,108.796429467548,2.1122504999948433,0.1104148339945823,0.12249195799813606,28.2608674333798,21.25991460869285,20.924946532283894
14.55,10.773819437038885,13.403607942129485,137.47540716097598,103.78970869222212,110.74509281369657,2.4532914579904173,0.11744829198869411,0.1290624579996802,28.25186095536811,21.214002861975626,20.916792539213784
15.8,11.982641276078738,14.829016917652613,138.3717544578673,104.75177545071885,111.36559868904415,2.8674749579950003,0.1341661250044126,0.14030800000182353,28.234432808934116,21.225843008064206,20.945271365541185
17.05,12.289511021549911,15.63190319611195,139.39976851866638,106.11805743727635,114.11982464555305,3.075834167000721,0.1357677909982158,0.14805966700077988,28.24903752481846,21.23069990852562,20.906432442711868
18.3,13.452534513094829,16.69369367775069,140.1033363111158,108.611098712161,116.82074929304319,3.328880166998715,0.13810954100335948,0.14836287499929313,28.25549717539089,21.177561130685906,20.860745919591125
19.55,14.477736794008248,17.64135207274392,140.78071365871372,111.06395719742218,119.44167118059588,3.5585323330014944,0.1364475420123199,0.13903716699860524,28.251765318149534,21.12902745724612,24.979641700330735
20.8,14.553611273158818,18.495996996797416,141.40818725433252,111.7248928830904,122.20229665840368,3.719242209001095,0.13838695800222922,0.15249975000915583,28.272127422906497,21.14995173248889,24.915881604907067
22.05,15.160640269330301,19.48320560579917,141.93151700581268,112.51436274390832,123.55918096221804,3.5682725829974515,0.13868745799118187,0.1550731659954181,28.274352828802016,21.157826249146996,24.9039278430248
23.3,16.771427375860405,20.557737878993862,142.37552611268876,114.91297037447012,124.45183638382055,4.5651357080059825,0.14675329100282397,0.15653274999931455,28.265799190811396,21.099816961492326,24.90599851769353
24.55,17.20582093673038,21.662400276754134,142.77239170911344,114.97566906706928,125.50906335273635,4.557066292007221,0.15588695798942354,0.16219020800781436,28.26200671047094,21.13008383306602,24.899383839386537
25.8,18.061961509571596,22.588453000506384,143.12885888373222,116.49427498213541,127.2366261872069,4.372050874997512,0.15976620800211094,0.16523912499542348,28.270896660780693,21.104698303489652,24.860675367047076
27.05,19.791998980214252,23.595629776499155,143.46452163904752,119.89947426029846,129.08231417184263,4.457607792006456,0.1621300419938052,0.17113333300221711,28.277617092793097,21.01306132650735,24.811796343379292
28.3,20.635755583791394,24.810829741993444,143.74013748016893,119.61222387214715,128.85318084256772,5.106287083006464,0.1693271249969257,0.17500591700081713,28.26209260299318,21.04553132329593,24.85268682540868
29.55,21.531387657215305,25.84785081310012,144.01053289468382,120.70199511969129,129.98272537118058,4.299571208000998,0.1717315830028383,0.17891670799872372,28.26556593932699,21.032528226718515,24.831665575541848
30.8,23.417745550216416,26.87698224823351,144.26194463780948,123.69941288226634,130.98278681041657,5.076001583001926,0.1880515410011867,0.18577783300133888,28.26715663457102,20.95276137393216,24.814224403633027
32.05,24.971646759446337,27.924089639840883,144.5043769368146,125.14639826589931,131.07097386906375,5.410001875003218,0.19533804099773988,0.189390875006211,28.268578657857596,20.923590983923088,24.83914165092454
33.3,26.554169557136696,28.95025424995834,144.713631768349,127.49911603326589,132.0688275886185,5.806352457992034,0.18913608300499618,0.18652483400364872,28.264808440198262,20.86382699251072,24.817327979344107
34.55,26.592609586681373,29.967437172323063,144.90352135931306,127.04031541580589,133.32601463150053,6.1243550420040265,0.1903885000065202,0.19350920800934546,28.259673812045627,20.900327949914637,24.778315447019615
35.8,28.8253638974653,30.960034435947822,145.08941181037326,130.37718854553205,134.1156342940035,6.303266625007382,0.18200091700418852,0.1954041670105653,28.26108563536754,24.957471028603816,24.76227423216795
37.05,30.558355099725553,32.047599809024156,145.26573903701149,131.9205273974153,134.39357366579708,6.0895025829959195,0.17944620799971744,0.19729729199025314,28.268194381350376,24.90461600821775,24.77161180598517
38.3,32.05247410272537,32.988507822275416,145.43749710790465,134.09033021202532,135.57437294132455,6.7406667079922045,0.17085379200580064,0.1729625410080189,28.262125043190366,24.816798571467203,24.7304952815491
39.0,33.55942931065111,33.559429310651225,145.54345063137015,136.19354207207576,136.19352825838268,6.77265354199335,0.16877154099347536,0.16134325000166427,28.274456095364727,24.7076458199848,24.70764988494947
2.05,2.2499999999999982,2.2809220342858287,65.63310734249391,61.27635200466159,61.283645908645596,0.5964691249973839,0.05896483300602995,0.06206075000227429,28.450385913090425,21.29130060723043,21.279557457030283
3.3,3.5068589684795604,3.8210856191406646,95.79557720199963,72.3747844446301,72.90765288249142,0.7284902499959571,0.07607308299338911,0.0742650829924969,28.437297463453884,21.291281908730475,21.20646258228638
4.55,4.301328489243859,4.8393129296684005,109.66267234379998,79.60026803541894,80.690409475423,0.9285728340037167,0.08046595800260548,0.08455820799281355,28.361568418357233,21.29127581671705,21.173005020632743
5.8,4.799536909843847,5.827848878360983,118.21481397323286,84.86974785923809,87.49521137426409,0.9960489170043729,0.08450770800118335,0.08842795800592285,28.345177756543148,21.29129121464587,21.081003160503386
7.05,5.485899970781802,7.133267979315504,123.23924673750562,88.61666404074555,93.34867948754739,1.3115097079862608,0.0918295410083374,0.09778166700561997,28.322543916507012,21.29130413566384,20.978711661252675
8.3,6.376373320871828,8.291441155727906,127.11543421273555,91.82259813567153,97.12077682832007,1.5588825830054702,0.09637887500866782,0.10503137498744763,28.301657728649385,21.29126545399265,20.977996958685175
9.55,7.202470529664247,9.22187487159019,130.38985584348882,95.50987678407877,101.61678987289682,1.6186157920019468,0.09590133299934678,0.11548962500819471,28.277951177221386,21.2508187436894,20.930595733329053
10.8,7.919027952227379,10.009722550745439,133.02237887437673,98.71516747899479,105.72775486630296,1.802376791005372,0.10181820800062269,0.11992545801331289,28.279500475911195,21.20681713509921,20.8752022791274
12.05,8.702349565049404,11.013262517835223,134.91761827271625,100.28523450519617,107.20101531183666,2.013878375000786,0.09807708299194928,0.120284584001638,28.27639527647301,21.227759641472023,20.90990628456066
13.3,9.799272565507128,12.202988830802646,136.2815043838211,102.24969802748802,108.98947660414538,2.1020928749931045,0.1034835829923395,0.11552845800179057,28.262160149389082,21.215624026928847,20.917579899893223
14.55,11.009055214303942,13.188351040545193,137.63492461450855,104.87402641085153,111.04205042735694,2.354278124999837,0.11200654099229723,0.12453483299759682,28.26616445268333,21.170144230079714,20.912273813407705
15.8,11.712128534330677,14.325950350172066,138.6062276732549,105.76263984290422,112.67138968610038,2.889217332995031,0.12300337500346359,0.1348507079965202,28.269074351927596,21.191630572689046,20.909243809939696
17.05,12.46611019744861,15.490351631368979,139.44131829687356,106.98323683973112,114.69014959449446,3.202296000003116,0.13220470899250358,0.14967966701078694,28.26603681845791,21.19786540229336,20.891598593798996
18.3,13.17186707926507,16.44818294479577,140.21525465070184,108.76663590316647,117.40825622839255,3.3283704580098856,0.13694591699459124,0.14932945900363848,28.27033875894752,21.177189485077495,20.84704374297333
19.55,14.337365049603498,17.42410305476183,140.86961932842289,111.81048977501469,120.57463795190638,3.5171402499981923,0.13861362499301322,0.14361270899826195,28.269632955593494,21.10377892220752,24.935519647915978
20.8,15.368486602472249,18.532429435115297,141.42072926699916,113.02113931401061,121.50811214503578,3.988897959003225,0.14977137499954551,0.15408662499976344,28.25678459322184,21.096589982275713,24.942714826089627
22.05,16.036390849974516,19.577951403889557,141.91321266381743,114.02708290752932,123.26672625085446,3.6110393749986542,0.14842412500001956,0.1549930829933146,28.257786225693376,21.097485445354938,24.913054730303237
23.3,17.318462038182638,20.648536244807442,142.32765792059357,116.68611406822681,125.50636424596448,3.9794625420036027,0.15482691700162832,0.16327666699362453,28.26120649304219,21.034494625106742,24.855434264782456
24.55,18.765200365224633,21.8957503975639,142.71709541171225,117.82521610083002,125.47153812504241,4.221985584008507,0.15975500000058673,0.16625116601062473,28.25081949690799,21.02322469884366,24.895563802467546
25.8,19.854846480610945,23.08808618082978,143.05634814799618,118.2793051521672,125.64370400930743,4.412039666000055,0.16557504099910147,0.1702958329988178,28.24436661211463,21.0327892849485,24.921561488272854
27.05,20.88498410071017,24.096017426323243,143.39736642869724,119.51368282512922,126.62111133909418,4.743563791998895,0.17351354198763147,0.17965887500031386,28.245913488404593,21.01701536007574,24.914084266639733
28.3,21.562994118882216,25.03649190206654,143.71349232403966,120.8116442745217,128.41611791126985,5.220879375003278,0.17638350000197534,0.18333404099394102,28.254577701403562,21.000627433028356,24.86865640115581
29.55,23.321707852554056,26.02024375843457,143.9926226128294,123.4353161015359,129.20463308655903,5.071121667002444,0.1873109169973759,0.18667774999630637,28.253088347250987,20.934182526265108,24.864519254484094
30.8,24.331351222028417,27.001300025857525,144.24628123210798,125.3321845017734,130.88185253748566,5.766765542008216,0.19035687499854248,0.1879418330063345,28.259069950849433,20.894508877901615,24.815973211045176
32.05,25.093610444627394,28.03323549951475,144.47876985397298,126.01367513047663,131.87364417830912,5.177758207995794,0.19066875000135042,0.1894865829963237,28.25951604131085,20.893667192466904,24.795738698290297
33.3,26.61791221070159,29.036868287354483,144.69092838202064,128.26387125321085,132.83022157910506,5.532662540994352,0.19140729200444184,0.19057983299717307,28.250807215765555,20.836010212698273,24.774627085543905
34.55,27.2882072724545,29.94758841101547,144.9014711296483,128.97512089692333,133.85394910033378,6.059282917005476,0.1868207910010824,0.1959205830062274,28.26439123265897,24.999522991603616,24.749985244864753
35.8,28.784529702099192,31.159672202137713,145.0785586242352,129.31895132950052,133.3990052684053,6.529688458991586,0.19090683398826513,0.1945040419959696,28.257423984406653,20.83689918586141,24.7980540983449
37.05,30.87436554873506,32.18019173785514,145.2579369849592,131.8606725967432,134.00120869706774,6.3492165000061505,0.17762362500070594,0.18851204200473148,28.255841357849906,24.90499719324005,24.79089347467357
38.3,32.03909971328332,33.06065698992263,145.43754597260644,133.786852682101,135.39919320585673,6.129867208001087,0.16801837499951944,0.1671627079922473,28.263414489156997,24.832209733992993,24.73963431998576
39.0,33.55942931065111,33.559429310651225,145.54345063137015,136.19354207207576,136.19352825838268,6.656765457999427,0.16422187500575092,0.15884979099791963,28.274456095364727,24.7076458199848,24.70764988494947
2.05,2.2499999999999982,2.2809220342858287,65.63310734249391,61.27635200466159,61.283645908645596,0.5826987500040559,0.05746050000016112,0.06035183400672395,28.450385913090425,21.29130060723043,21.279557457030283
3.3,3.461514886299171,3.7639582956172637,95.48017361114071,71.57456569792308,72.06291493715173,0.959234291993198,0.07809383299900219,0.07292649999726564,28.479236596463412,21.29128311203331,21.210744809638484
4.55,4.67491548652201,5.244200986762671,109.33294545496203,79.02476151816371,80.10152732141331,1.044447082997067,0.08359137499064673,0.08897466700000223,28.396350840052733,21.291285749982208,21.17528440108536
5.8,5.575156798875722,6.326324439447789,117.47986367451888,84.12184797220758,85.66557815689025,1.0816175840009237,0.0882390829938231,0.09219933400163427,28.35746893208225,21.291302241508866,21.16365771588457
7.05,6.075161772970066,7.1235895807427365,123.74075274285804,88.3873911310051,90.82257009139914,1.320007207992603,0.08771895901008975,0.09847162500955164,28.342458616592907,21.29125427510521,21.125237534046345
8.3,6.628345763529025,8.107204113742661,127.9604436872637,91.96927449848957,95.72974294245053,1.3546495830087224,0.09359491599025205,0.10394383298989851,28.299594640935872,21.291271965184993,21.068043669918943
9.55,7.014617115393061,8.984409228299361,131.1196925905071,94.87437565411074,100.51384898742475,1.6170465000031982,0.0999824579921551,0.11787695800012443,28.32797526281015,21.285111425108514,20.99173119563631
10.8,8.160297252947045,10.088187351071197,133.39999747616955,98.05689976817442,103.5438869826273,1.916729624994332,0.10423024999909103,0.11841258298954926,28.307160072868008,21.245192923765078,20.978734867128313
12.05,8.844160741826073,11.176607673010476,135.12811254735342,100.42426071907781,107.2997983356103,1.9361185829911847,0.10514545800106134,0.1184590000048047,28.290201479260816,21.232662878022662,20.921186840451977
13.3,9.634555445578446,12.280703777343835,136.53638846055586,102.08264393383513,109.4064762638116,2.299601292004809,0.10766950000834186,0.1221141670102952,28.267136886991587,21.2383915758944,20.9161622083302
14.55,10.729141846545453,13.32201806294887,137.66990401313848,104.30806075425046,111.45675175243898,2.715110790988547,0.12390883300395217,0.13919354100653436,28.26897691156547,21.204683918636725,20.904942505478097
15.8,11.33323257783533,14.270463822316865,138.67182569159766,105.69773177260595,113.75736973345283,3.1509101249976084,0.13478716599638574,0.15342199998849537,28.276712425827245,21.20502078494452,20.879650725383375
17.05,12.041831961187853,15.317299279028047,139.5621489393019,106.98222087725256,115.6396765129667,3.083263958003954,0.13676404200668912,0.15286733298853505,28.263763160712788,21.208475883601174,20.86724998243005
18.3,13.04473682658482,16.369347157248093,140.27884753425207,109.07199003286959,118.0756429115964,3.1995538329938427,0.1416928340040613,0.13987008399271872,28.266248015738114,21.171675631770352,24.99493418909852
19.55,14.167400311924547,17.54293723472228,140.8780149804117,110.52105174927226,119.23383108600672,3.2786190420010826,0.1389172919880366,0.14034783400711603,28.254790237626587,21.155929002183598,24.995367676162637
20.8,15.003462363954974,18.587414242402005,141.45869614956536,111.60712929939302,120.5294363325556,3.576736000002711,0.1396186670026509,0.14423991700459737,28.256099933722076,21.153115771365233,24.988419128526946
22.05,15.814291846574298,19.68933419332564,141.93187276704165,112.2087126988007,121.29514271861603,4.375183042007848,0.14628170798823703,0.16128062500501983,28.2580648248483,21.163830286863583,24.997910580422946
23.3,16.987673842929674,20.59286401367931,142.4064185922816,114.8872811617634,123.72087631281678,4.0754383339954074,0.154549709011917,0.16454229201190174,28.258809281058994,21.101738799668073,24.940135203553762
24.55,18.34552810434173,21.482979194616277,142.80764657068647,118.24565819586469,126.32783600874413,4.09188875000109,0.16203204198973253,0.16372791699541267,28.274336529516795,21.015490885752786,24.86801789660376
25.8,19.45847741262037,22.446752825947975,143.17256909060467,120.55437363263604,128.224618512222,4.506500915987999,0.16400970799440984,0.1695396669965703,28.27948206054918,20.965390877617576,24.8201534295565
27.05,20.452942141933967,23.540591085936494,143.48669460849047,121.25804310855256,128.7740232550084,5.773837208005716,0.16744829100207426,0.17470483299985062,28.277911161820093,20.96678657328013,24.828991062482025
28.3,20.863858011103318,24.54984490676257,143.78044064651988,121.36488177080798,129.9792350697533,4.88358637499914,0.17186349999974482,0.17698604200268164,28.27727882177018,20.98964511698166,24.805821932026298
29.55,22.36583438027987,25.517828888288207,144.05012435786622,124.11140971358452,131.34542471004593,5.074261624991777,0.17925099999411032,0.17688400000042748,28.276291714723545,20.920682813182925,24.772129043258143
30.8,23.18185377153005,26.47470356240639,144.2989861117987,125.71201227761246,133.04741196450013,4.5997642500005895,0.18030554198776372,0.17700470800627954,28.284251387949272,20.89060997166498,24.715423546884107
32.05,24.329555620315418,27.744460107133516,144.5099324392324,125.11807999144955,132.1512115489872,5.15136070799781,0.18800979199295398,0.18878879200201482,28.268158696778613,20.927812567199897,24.787879239051495
33.3,25.471795416478855,28.814724080525302,144.7174287104564,126.0040484184045,132.57707998438082,5.851000084003317,0.18950887498795055,0.1919199169933563,28.27053800102884,20.916828369769515,24.792919043567206
34.55,26.998251467767137,29.83209615893101,144.91648273364734,128.14357460625033,133.44488242397955,5.6124018330010585,0.18418629199732095,0.18942483299179003,28.277765497796224,20.863229006909958,24.77482791908145
35.8,28.271976281008413,30.858179120778697,145.09569301301502,130.28495214054914,134.89212670946443,5.848182792004081,0.1808039579918841,0.19231345900334418,28.275538553376336,24.964357948459995,24.719668877690413
37.05,29.415979849898967,31.856336404767745,145.2724916732901,131.7430066483612,135.89428198276116,6.362273959006416,0.17741566699987743,0.18709991600189824,28.274742453039718,24.91907109343962,24.687080966767446
38.3,31.281196508878274,32.91092177503171,145.43748167318472,133.69328470653713,136.30516204932442,6.0507591659988975,0.1724384589906549,0.17195195899694227,28.274756917928265,24.840847449560655,24.686857651143406
39.0,33.55942931065111,33.559429310651225,145.54345063137015,136.19354207207576,136.19352825838268,6.641224500010139,0.1652341669978341,0.1582066249975469,28.274456095364727,24.7076458199848,24.70764988494947
2.05,2.2499999999999982,2.2809220342858287,65.63310734249391,61.27635200466159,61.283645908645596,0.5863827919965843,0.057829583005513996,0.06067095800244715,28.450385913090425,21.29130060723043,21.279557457030283
3.3,3.4692478633708377,3.9725396193438094,94.64283473954899,72.07568058648022,72.97736114181586,0.8223432499944465,0.07663587499700952,0.07214874999772292,28.438362679254595,21.291281735656742,21.15189009849054
4.55,4.232230426394513,4.920621352108025,109.98213135600463,79.6720297108073,81.27235267259069,1.1309247919998597,0.08354416699148715,0.08801074999792036,28.373739364001946,21.29127488724427,21.13365385115849
5.8,4.790118050262301,5.942499175862591,118.32630871542669,85.02611714758397,88.26722849317929,1.1748410420113942,0.08682766598940361,0.09194666700204834,28.33275183335733,21.29129095667341,21.047423459336468
7.05,5.3348270426398186,6.994030693602862,123.7518752416621,88.95128953978255,94.16770593899659,1.1286417079973035,0.08874620799906552,0.09661858400795609,28.316220102740385,21.291304439972663,20.96403098512491
8.3,5.995846009200083,8.050129159005538,127.72655706983726,92.15972773993832,98.7119710402049,1.4589691659930395,0.08576191699830815,0.09641437500249594,28.32062618052717,21.291250877107426,20.92490250560318
9.55,6.342206956844801,8.811328342241266,131.22364688836055,95.28918005922188,104.09364935792799,1.5232536250114208,0.08978575000946876,0.11242216700338759,28.317533250797972,21.285460032360206,20.851351800456772
10.8,6.66868533213813,9.720934742160468,133.4597464760807,97.60639415229949,109.4348055558856,1.7089052080118563,0.09474858299654443,0.10699670799658634,28.330327220161585,21.28418890335818,24.90020305069599
12.05,6.985369157271529,10.700272444281117,135.18291859973067,99.64471110456074,115.12884368234862,1.9797488329932094,0.09685745899332687,0.1178390830027638,28.334264687752555,21.283013866809515,24.754966647523958
13.3,8.109740899663445,11.65941152153249,136.61664358177723,102.94129466082472,118.17576242011876,2.3165905839996412,0.09995891700964421,0.12126245800754987,28.32690678198147,21.21414038604169,24.71939157910919
14.55,9.607623509492342,12.849728157296687,137.76014873048445,105.25656914900284,117.1936896222447,2.27290858401102,0.10485800000606105,0.12878491599985864,28.303203009795485,21.180550892728203,24.84802968180982
15.8,10.517544399347436,13.887556547128161,138.73447619678373,108.13958920742698,121.2146985927358,2.972054832993308,0.10822095900948625,0.13204350000887644,28.296550830896663,21.12335378286293,24.7431688752786
17.05,11.194830113539357,14.82861675138636,139.6408568235303,110.09058014678729,124.19063051096445,2.924195833998965,0.11628316598944366,0.1384200409956975,28.294291418959563,21.102943835099715,24.67947629768866
18.3,12.273305293288985,15.852275414531677,140.3557135443268,112.83722645987696,126.77281236912896,2.896658625002601,0.12060675000248011,0.14576391699665692,28.299182820835107,21.046330458271715,24.61938341451779
19.55,13.110773768713752,16.91224199921098,140.9636282348767,114.88292970105438,129.31842671797628,3.3314069580083014,0.1341702920035459,0.16167583300557453,28.293989541233994,21.013780767839783,24.545763457127364
20.8,13.662847561006352,17.864357254915028,141.52878613575845,115.9670452425416,138.2674146199423,3.332140917002107,0.13705999999365304,0.11164579099568073,28.310546872301764,21.015484908755834,29.87796199892795
22.05,14.64599259088692,18.8813119820582,142.01550742122092,118.58990458146033,139.42712836847193,4.039785791988834,0.14423583399911877,0.11891216700314544,28.314662115136404,20.96026908134758,29.77798714617873
23.3,15.814453136949421,19.89581499550664,142.4608200464964,119.9346748337955,139.79644574697943,4.219588249994558,0.15189779100182932,0.12261400000716094,28.32242366028,20.945360010404226,29.82714169927939
24.55,16.388730366212293,20.94575186837013,142.84241884877582,120.26024327284695,140.42883218493205,4.802708332994371,0.16359224999905564,0.143352250001044,28.317444959361207,20.96365223422561,29.798048404762593
25.8,17.36073965456667,21.99067401781007,143.1916829983748,121.10188993923948,140.71566198287928,5.072432083004969,0.16368004100513645,0.1447630000038771,28.316014245114022,20.96163143908759,29.835348484116317
27.05,18.791458285464493,23.11784203950345,143.50872234255093,122.42492598492008,134.38196997421636,4.682903665991034,0.17071829200722277,0.1869672089960659,28.31272688123488,20.94063530176378,24.54239229071274
28.3,19.83976217941965,24.318011158110238,143.7855884829541,122.39787009003354,133.71448296555116,5.216770665996592,0.17059033300029114,0.18693637500109617,28.288277342357436,20.96350899689943,24.615667160702436
29.55,20.92798763380872,25.406485150416227,144.0533354354676,123.28298344526065,133.97379811918825,5.693384750004043,0.1763520829990739,0.18488487500871997,28.297681257323966,20.955748109535385,24.634160142434272
30.8,22.137636238410145,26.425217413519043,144.3005056903848,124.80703098309019,134.59070454811427,5.426187666002079,0.18369470800098497,0.1834760829951847,28.293197049550287,20.92540454582054,24.629989899333868
32.05,24.026536919108672,27.72655806875041,144.5079867273625,125.32062388333816,133.0260079251653,5.6673048329976154,0.18724687499343418,0.18800424999790266,28.27138118994547,20.922828766498895,24.742900441305235
33.3,26.102970153737182,28.779124742085223,144.72447701344979,128.1375341387493,133.3578565061535,6.0242438330024015,0.1909543749934528,0.1920180830056779,28.274548982451655,20.845272215202126,24.753633748335197
34.55,26.501269276910598,29.73074869334909,144.91786673273765,128.96371317703893,135.06968532461124,6.502209166006651,0.19474624999566004,0.19943745899945498,28.28240595487329,20.838411890280415,24.685954727427347
35.8,28.314080347569657,30.750634488552013,145.09940405955084,131.25621463827284,135.63812876060632,5.9063882079935865,0.18650608400639612,0.19657625000400003,28.279421116425162,24.9204912122579,24.678256748701166
37.05,29.982377258543217,31.85653599476247,145.27106053175117,132.64234409076127,135.8131728150064,6.872955124999862,0.1770880410040263,0.18507649999810383,28.275920397706955,24.872945031778652,24.69243278343343
38.3,31.125002292005796,32.97812647230927,145.43652881554078,132.85654760614142,135.82976204252608,6.102321792001021,0.16864000000350643,0.17036945899599232,28.26156737208664,24.88390007663013,24.715122590398135
39.0,33.55942931065111,33.559429310651225,145.54345063137015,136.19354207207576,136.19352825838268,6.642642332997639,0.16520720800326671,0.15820933399663772,28.274456095364727,24.7076458199848,24.70764988494947
2.05,2.2499999999999982,2.2809220342858287,65.63310734249391,61.27635200466159,61.283645908645596,0.5843835830019088,0.057992458998342045,0.060651166990282945,28.450385913090425,21.29130060723043,21.279557457030283
3.3,2.9584191402644016,3.296265588720246,96.00445314579005,71.55445394291341,72.21013992708738,0.7645062500087079,0.0657821659988258,0.07097129098838195,28.497127627688567,21.29140372246503,21.192297170505558
4.55,3.6383139473754085,4.4281798970294455,110.22773046662375,79.3467411946505,81.56965933954716,0.8129422080091899,0.07712704199366271,0.07207145799475256,28.406873391787244,21.29127966612657,21.0810251518955
5.8,4.458538126838509,5.743049209657111,117.89855559894265,84.63367378527927,88.50673030088136,0.8236069999984466,0.08065474999602884,0.08503812499111518,28.348943138288362,21.291277483383436,20.996441425316323
7.05,4.969744739323125,6.60828102184734,124.0066981739288,88.72551509132931,94.29164435019263,1.0734898330119904,0.08722470801149029,0.09271675000491086,28.367693759240296,21.291298242920707,20.94668298721673
8.3,5.533037775976364,7.647140184371395,128.0341654150893,92.15735742442305,99.79261089716772,1.3074127090076217,0.0887085419963114,0.09601220799959265,28.355164378103265,21.291303769023774,20.878857421106083
9.55,6.42607983218241,8.631970863302165,131.14008805262807,95.48960524471768,103.24311670582279,1.3626768750109477,0.09188062499742955,0.10509474998980295,28.32469907254599,21.269932958249523,20.88376517380538
10.8,7.1600709857780815,9.734795227581904,133.40202150678732,97.958042749116,106.85411715178482,1.6928344579937402,0.09845754200068768,0.11728804200538434,28.301689771503874,21.264621846754768,20.8488884044943
12.05,8.174629864529848,10.796671876620241,135.17092156842014,100.35592753316763,109.04793389550301,1.8086900420021266,0.10322749998886138,0.12426354100171011,28.29607984612466,21.23981314580026,20.853636244931767
13.3,8.832233979277296,11.757315229538488,136.66960859055354,102.93003708469197,113.39833802833816,2.10599799999909,0.10540058300830424,0.11844420900160912,28.298034619812775,21.207585038646723,24.927096948323502
14.55,10.034549319170406,12.906633496155488,137.79500799892566,105.39711177267414,115.40875796291667,2.699297707993537,0.11389312500250526,0.1335102500015637,28.296793246070788,21.167361044826492,24.92127174428451
15.8,10.973795906544844,14.002464718251902,138.76047790207363,106.97317171966839,116.90594491772929,2.9728697090031346,0.11739570798818022,0.13062229201023,28.28601068249505,21.160348132338846,24.92685530660217
17.05,11.658004899520225,15.000526062468577,139.59399844927793,109.2923802236738,120.86428430710461,2.9267445420118747,0.12822187499841675,0.1408375419996446,28.29240069663197,21.12348597448751,24.821216279089217
18.3,12.704059264209352,16.18302674745906,140.27606478587504,110.25196930829546,121.12867589748232,3.0909810839948477,0.13429166701098438,0.15542441699653864,28.27684739198824,21.12971596114712,24.865119717812693
19.55,13.614737955299649,17.23122433481172,140.9019355877035,111.67145042980803,122.57195314156611,3.0566654580034083,0.13272204100212548,0.14240916700509842,28.28153188049117,21.11790921973167,24.856235531030144
20.8,14.85783687628497,18.287653967406843,141.44865835399975,114.13980980931157,124.50060998807366,3.469320832999074,0.14133162499638274,0.1506318750034552,28.283590413359487,21.06367470252705,24.819541351749006
22.05,15.876790438119325,19.40435757665485,141.94421230995155,114.75420242509738,124.535220899053,3.907947832994978,0.14665833400795236,0.15411354099342134,28.280677758197243,21.074841354044906,24.863095063954344
23.3,16.84233985872629,20.488137645256252,142.36886820846226,116.31169509960651,126.14241715454247,3.8062601669953438,0.1490315830014879,0.15719875000650063,28.278565336604206,21.05276267457429,24.833306288112368
24.55,17.49311434038686,21.468086057122992,142.75458158593875,117.79137628579497,128.46789003028297,4.444998624996515,0.15554779100057203,0.16393358299683314,28.27690005925201,21.03270049246575,24.765659687486554
25.8,19.106528491638976,22.54448901264114,143.13180801916772,120.26308325124933,129.14085088790958,5.110158000010415,0.15915995799878146,0.1657556249992922,28.271936651487533,20.975613728024474,24.773851837317377
27.05,20.273557451465475,23.551962035577468,143.46553063321022,122.16425308148516,130.3615675720507,4.534507500007749,0.16568104100588243,0.1718704999948386,28.281666202276103,20.938105474791893,24.751836077828948
28.3,21.280877035307498,24.625845476268267,143.7601272918276,122.81438076672688,130.7253595859842,4.983050750000984,0.17311808399972506,0.18031904198869597,28.275484347390158,20.93989093069361,24.767241879759336
29.55,22.139396844782,25.579641795841933,144.0472163270761,123.46869218882148,131.29900325167864,5.21514041699993,0.17964054200274404,0.18447341700084507,28.284242892099737,20.94209199189852,24.773650451645704
30.8,22.99421494986437,26.683767713422977,144.2874043630751,123.83058067294947,131.795106260734,5.257922624994535,0.18952016699768137,0.1876022920041578,28.277450879170246,20.951071844626245,24.77746977988714
32.05,23.935082066735248,27.770820535669092,144.50876608941843,124.5872586853028,132.48363974611738,5.472806958001456,0.1929571670043515,0.19356354100455064,28.27118978254857,20.94656473489634,24.770411126930036
33.3,24.658184503526826,28.584622941836468,144.73496506261145,126.51505479015346,134.4922678965447,5.707241209005588,0.19135887500306126,0.19154995800636243,28.281226571141286,20.904959833572356,24.693480145794688
34.55,25.89881835132693,29.751062550834842,144.91556898946973,127.45050491991614,134.82368907547135,6.2442430410010274,0.1944950000033714,0.19621270800416823,28.27342442127141,20.890660702044087,24.699283772730425
35.8,27.555218428582812,30.79948006181383,145.0955094707295,129.49615633595621,135.32437656701936,5.649239833001047,0.1904572919884231,0.19755841699952725,28.279015578081854,20.83700263168549,24.696115840073823
37.05,29.399528413964276,31.90111412700743,145.26795920834118,131.06103201911358,135.30762190706338,6.3571984589943895,0.1758872080099536,0.18501554199610837,28.275166869673242,24.95142944886353,24.721839627920147
38.3,31.881858891848566,32.977696236467004,145.43825942728841,134.10561365490202,135.8426328757024,6.116596000007121,0.17138174999854527,0.16929058299865574,28.276084892739124,24.816476602580956,24.71446743706831
39.0,33.55942931065111,33.559429310651225,145.54345063137015,136.19354207207576,136.19352825838268,6.666927041995223,0.16475670899671968,0.15884758399624843,28.274456095364727,24.7076458199848,24.70764988494947
2.05,2.2499999999999982,2.2809220342858287,65.63310734249391,61.27635200466159,61.283645908645596,0.5824569579999661,0.05763491599645931,0.060271750000538304,28.450385913090425,21.29130060723043,21.279557457030283
3.3,3.5451332714884387,4.066197509231042,92.491362169371,72.04978514133222,72.81633451418658,0.8220904159970814,0.0786361670034239,0.07349370900192298,28.330702559049186,21.291281386779513,21.148755519169132
4.55,4.6167046503236335,5.305511212510748,108.13302659089118,79.21000659732971,80.49593685796783,1.2599983340041945,0.08523641701322049,0.09189495899772737,28.323110784211476,21.291284409285197,21.14616091496817
5.8,4.970007219524031,6.063418284005445,117.94107159253838,84.50658585119254,87.22075626794272,1.09347545800847,0.08819029199366923,0.0951099170051748,28.32423597967351,21.291297261384816,21.07029581612123
7.05,5.7306870935733105,7.131549427507249,123.82093159981116,88.7387251649479,92.43936718832695,1.1874250829860102,0.08979774999897927,0.10020254200208001,28.289240039343035,21.291234983959473,21.040825013900932
8.3,6.426256945233095,8.213684043436466,127.85531350243271,92.13591118013971,97.01054409003436,1.4234580000047572,0.09457925001333933,0.10376229199755471,28.278388234211192,21.291268145833758,21.00231445652332
9.55,7.179724257647836,9.253721068135448,130.74234437345947,95.04016190617833,100.7811633073914,1.462637332995655,0.0973048750020098,0.11806087500008289,28.26518245862542,21.281934725902072,20.9732146986004
10.8,7.558393228702188,10.140534446060439,133.11151345703573,97.28853419823909,104.89246779156106,1.8157198330009123,0.09904633300902788,0.11763091699685901,28.27404524143244,21.28457732680641,20.91266011852544
12.05,8.413088388465699,11.291617889031109,134.83897717442298,99.24615687339559,107.27508690007353,2.2187664170050994,0.09818995799287222,0.11788920799153857,28.264620874057385,21.2831687741023,20.908958689665653
13.3,9.262838777367296,12.361063268199116,136.31843810443215,101.10772400668868,109.39454814138396,2.5842606670048553,0.11359900000388734,0.12986329098930582,28.247015797356717,21.27544784492252,20.90391254862661
14.55,10.045606484603507,13.433363345410461,137.48607513348807,102.57819859474947,111.20708721254053,2.573130332995788,0.11558370800048579,0.12930724999750964,28.243925235309263,21.27638947677478,20.902063737250995
15.8,11.12975180694333,14.722246907126335,138.40327181396174,104.13553615127732,112.75985104599481,3.3594630410079844,0.12536254098813515,0.15191945800324902,28.226329265631577,21.266912200038544,20.903012770755232
17.05,11.71394410651432,15.661700063935061,139.32544028092553,105.83528742162682,115.65233705062228,3.3359650839993265,0.13472437499149237,0.1506237499997951,28.23287038761095,21.252977764484566,20.85700109448828
18.3,12.387354222252922,16.56431314744172,140.1312211485893,107.62057463462293,118.39188832065324,3.281236583003192,0.13355154200689867,0.1382707919983659,28.247791560086974,21.22962329960033,24.97268290619179
19.55,13.079700965746643,17.554663426212468,140.82140200352416,109.1096464524579,120.65978255680083,3.52413741700002,0.13892529199074488,0.14649324999481905,28.24630678861811,21.21534804449336,24.929986349369024
20.8,14.592751779355496,18.623765606899752,141.3736162775629,111.6301489553799,122.09510907752099,3.4533724159991834,0.1331404160009697,0.15075320900359657,28.244304948418893,21.152133272052215,24.914268221607394
22.05,15.245016156696188,19.568326028974475,141.92654284028276,113.0022321722178,124.192474383379,3.7117882080056006,0.1418452499929117,0.15628733299672604,28.25497257768796,21.14061097419093,24.873645091126928
23.3,16.358330310146947,20.659557416302054,142.34855531725395,115.24493621399593,126.45615341182705,3.9598137499997392,0.1517900000035297,0.15851587500947062,28.252891555964812,21.092477829186542,24.814696792300296
24.55,17.745335651768922,21.711903003371823,142.74545517375788,117.85322970346377,128.11969128438685,4.478289542006678,0.16318512499856297,0.17241100000683218,28.260596000998163,21.030674991918396,24.779105217223098
25.8,18.80198793931399,22.780101704332566,143.10482964479286,119.10971257688114,128.97934202735775,4.92314412498672,0.17025479199946858,0.17687762499554083,28.261826342457063,21.01520432557624,24.777081307401588
27.05,20.057458916801693,23.7845342898485,143.43465410092767,120.6403822094521,129.55730613426837,4.833017249999102,0.1713709169998765,0.17874408299394418,28.265485475913223,20.987755914631624,24.7856111135289
28.3,21.238323155712116,24.816908718812947,143.74174718063563,121.80748621240325,129.98630648437876,5.441339291995973,0.1718340410006931,0.17921241700241808,28.26245440698361,20.97193500609939,24.799147892889962
29.55,21.964752436189467,25.78508908393826,144.01748836376163,122.60484920936543,131.08565912912528,5.292356167003163,0.18135112500749528,0.19438920899119694,28.26341135065094,20.969353009467508,24.778740285286396
30.8,22.969121432811086,26.90917237386108,144.26282656498333,123.08600108267072,131.35836043320813,5.714756667002803,0.1859051249921322,0.1870492499874672,28.268861140363807,20.974794071850507,24.795339042830342
32.05,24.499430191310474,28.053881421889482,144.48053387206608,124.54009149587989,131.63424122713795,5.1318857919977745,0.18727674998808652,0.18857966699579265,28.262323795040487,20.944172009229586,24.80812465158665
33.3,25.72708302212434,29.082680809483616,144.69618960707467,126.14933303940388,132.58390180045762,5.554714333004085,0.1937956670008134,0.19176858400169294,28.262409572596123,20.91022891311525,24.78796626053593
34.55,27.09442423882856,30.085116646262524,144.89906734126208,128.00745328466436,133.46752269892943,6.104798750006012,0.18702141700487118,0.18952779199753422,28.259458654844114,20.86615830862262,24.768869644024964
35.8,28.319029632041765,30.99411040393539,145.08313380846957,130.05590437405948,134.73872882761447,6.990050834006979,0.18602120799187105,0.1991225410019979,28.269081951286484,24.973814250039368,24.726011524713705
37.05,29.351990604496336,32.093939412236786,145.25491075677155,130.42860630057072,134.99192620273513,6.644529458004399,0.17832708400965203,0.18978008299018256,28.256738974408737,24.978892341914968,24.735862852030362
38.3,31.883014984812345,33.11163794803746,145.43511757758225,133.51576032231873,135.44761016871595,6.026945040997816,0.16948841701378115,0.16855137501261197,28.264491000979064,24.846182128675185,24.73567980329195
39.0,33.55942931065111,33.559429310651225,145.54345063137015,136.19354207207576,136.19352825838268,6.733159708994208,0.16577649999817368,0.15894016699166968,28.274456095364727,24.7076458199848,24.70764988494947
2.05,2.2499999999999982,2.2809220342858287,65.63310734249391,61.27635200466159,61.283645908645596,0.589470082995831,0.05762691699783318,0.06069612500141375,28.450385913090425,21.29130060723043,21.279557457030283
3.3,3.0017143433051254,3.2583286959054587,96.61536294355736,71.55585562314022,72.01237177683036,0.7579892080102582,0.06622441699437331,0.07175187498796731,28.43763273921581,21.29142199543875,21.216896192249592
4.55,4.292999218779781,4.605730640821719,110.12525680364384,78.75073912147572,79.36296253268239,0.8081447090080474,0.07953333300247323,0.08477079200383741,28.36734029192606,21.2912753897057,21.225173874022378
5.8,4.928617518820802,5.61458987970538,118.69718262865865,84.77122477906946,86.35092790118276,0.8435108330013463,0.08226641699729953,0.08816491700417828,28.333980724033236,21.291295351768913,21.16176072888556
7.05,5.579994822571118,6.770714872844349,124.17479141654049,89.18053761219116,92.48576631484107,1.0909699160110904,0.08915329100273084,0.09422537501086481,28.309418549914803,21.275769278582313,21.055813851271306
8.3,5.948441584690293,7.599829519291899,128.17104079639157,92.74255842239612,98.05448174813462,1.1852713330008555,0.08754616700753104,0.09838087500247639,28.32497146244434,21.267106862021418,20.967576490980097
9.55,6.663412747585112,8.606985773786871,131.06030385439405,95.64273617476734,102.06281166599841,1.3184377089928603,0.09375304100103676,0.10660716699203476,28.313033067039207,21.257434273825215,20.930141630348114
10.8,7.396989677955245,9.813745681569443,133.22443843184232,97.67768511694698,105.29973987867122,1.9866908749972936,0.09728625000570901,0.11757229200156871,28.299970851627783,21.267216077217977,20.90103817459512
12.05,7.922994578132299,10.74606321384957,135.1512287357508,99.80224030559881,109.04740160742911,2.055243957991479,0.09826720799901523,0.12003349998849444,28.306139772325267,21.262247404740503,20.848892219935376
13.3,9.30505401291882,12.061754328522378,136.40388093777187,102.27345439832474,110.82989796374117,2.4525219580100384,0.10254437499679625,0.12966379200224765,28.281702859870528,21.221905079692217,20.854759422134865
14.55,9.991761352169117,13.032729957245996,137.6731264715408,104.40711610543187,114.08821254780769,2.3945760000060545,0.10626941699592862,0.13157254100951832,28.284552254075894,21.204942020024678,24.972176128465588
15.8,11.348918142436345,14.099178402792692,138.62288860394193,107.50780637971198,116.59426888871698,2.8715377500047907,0.12179362500319257,0.12890474998857826,28.288387029792382,21.132975653729,24.935629262473377
17.05,12.235642121814738,15.276603491866084,139.4494477068333,108.7996760095865,118.18907489218304,2.921129207999911,0.12601895800617058,0.1410048329998972,28.27297239562841,21.135678828284195,24.93108965517192
18.3,13.75419814144809,16.35191174940291,140.19734354340116,111.37949701924022,119.21503071195968,3.366055749997031,0.12946816699695773,0.12943416699999943,28.27099211729867,21.079542318538405,24.944934202388445
19.55,14.393112023942805,17.372614281401784,140.8650874246149,113.00502135731092,122.01278613786371,3.520464125002036,0.14260837499750778,0.15068445799988694,28.276585873337268,21.065671103294658,24.879824274238754
20.8,15.117178876237638,18.449213606808353,141.4301424800559,113.90931786566713,123.55774806188829,3.3519276669976534,0.14605887500511017,0.15299566699832212,28.28393837764015,21.072424141503706,24.862749441152793
22.05,16.128089329950633,19.511135432629235,141.91647776997084,115.25265086058933,124.65497728067812,3.750669959001243,0.14824554200458806,0.1566655000060564,28.278792967160417,21.05736350660306,24.857554034060353
23.3,16.684974412774288,20.466692975147293,142.37165366344138,116.6838450281269,127.18314611179164,3.7226757500029635,0.1463859159994172,0.15575208399968687,28.282169791173935,21.0427345174456,24.78800159177086
24.55,18.22767297573086,21.527180713294495,142.76412050734308,118.822182528202,127.64069076578559,4.202912958004163,0.15876191700226627,0.16615054199064616,28.28127759594645,20.996111818316773,24.80734018299719
25.8,19.0813769176765,22.51967601245492,143.13629110724375,120.42305963533438,129.39153308404673,4.343957457997021,0.15742783300811425,0.16645191599673126,28.285347097797302,20.971170112881506,24.763297051217172
27.05,20.034824119735948,23.444524258976617,143.4752128996307,122.34024846122854,131.0434247290482,4.360189750004793,0.16275425000640098,0.17336687500937842,28.281048641600886,20.934126731769542,24.718866404812715
28.3,21.452784654437853,24.506836469449798,143.76735838312578,124.19751683221352,131.59214016632333,4.910852542001521,0.17949962501006667,0.17738737499166746,28.27670663156773,20.894513939519438,24.724440079908675
29.55,22.431181930134464,25.354021641986826,144.05897978905006,126.60182414656023,133.5190206261818,4.727178417000687,0.18478195799980313,0.18188579099660274,28.28976927239419,20.839504782486532,24.65905404787584
30.8,23.62674994535778,26.479118804118443,144.29565050929588,127.1578968366437,133.49580834777265,5.252061207997031,0.18679070900543593,0.18934837500273716,28.284582700804407,20.84082526178392,24.69064350532952
32.05,25.834370799736938,27.722650138002404,144.50390195781648,129.57492018711747,133.45938925407143,5.347074792007334,0.18276595800125506,0.1877446660073474,28.2750756277049,24.920486543951487,24.71858551601473
33.3,26.027912149455595,28.745224654575637,144.72301165104062,128.64108873238297,133.97562656894948,5.705996250006137,0.176238458006992,0.18445658299606293,28.27345505150452,24.992889042415698,24.719270073599358
34.55,27.66231437387031,29.895758284836948,144.90715710723626,129.99681282965645,134.1233476156734,5.8976620829926105,0.18450874999689404,0.1938218750001397,28.266315712958935,24.952045583782407,24.736100131122285
35.8,28.67934507373132,30.951719544801037,145.0948297470808,130.65187503352507,134.6492151613375,6.071274917005212,0.17851233400870115,0.1909137920010835,28.275280758688286,24.94550133024838,24.732579471415157
37.05,29.79772191672035,31.899742984947448,145.26756042433382,131.77046780120924,135.3276959135838,6.169175250004628,0.18074804099160247,0.19343283299531322,28.271476336948428,24.91571973258411,24.720173265768107
38.3,31.060988423093246,32.85560741292749,145.43419227003088,133.35427181931306,136.2577488106918,6.527518834001967,0.1735642919957172,0.1745493750058813,28.275588709479305,24.859553161750483,24.690497309848155
39.0,33.55942931065111,33.559429310651225,145.54345063137015,136.19354207207576,136.19352825838268,6.636025959000108,0.1647603750025155,0.15762979199644178,28.274456095364727,24.7076458199848,24.70764988494947
2.05,2.2499999999999982,2.2809220342858287,65.63310734249391,61.27635200466159,61.283645908645596,0.5817627090000315,0.05724141599785071,0.06055829099204857,28.450385913090425,21.29130060723043,21.279557457030283
3.3,3.6416106107865285,3.84515613802827,94.49764708558301,72.39481889908441,72.67174661910914,0.7358550000062678,0.07811862499511335,0.08228433299518656,28.338277617526362,21.291280624346992,21.23909406685088
4.55,3.9683211568896595,4.847579170628297,108.94078128699383,79.36601658324012,81.4886462507742,1.0513074579939712,0.0789909169980092,0.07682816601300146,28.361066480134415,21.29127480808182,21.075178473507542
5.8,5.502476177987476,6.302428678495542,116.97785247436443,84.16055047914611,85.75057769790796,1.0436738340067677,0.08944995798810851,0.09392770800332073,28.290912123901528,21.291302983080318,21.154325977993473
7.05,6.083990723305223,7.242061751127912,123.29303546258818,88.41413349109263,91.09468141467609,1.1438249589991756,0.08844133300590329,0.10014129099727143,28.317255320585964,21.291254340816817,21.10648337090053
8.3,6.773882691396181,8.441229469029977,127.41816750112237,91.9411465976278,96.12106630727659,1.4982204169937177,0.09565133298747241,0.10573770799965132,28.30183728849789,21.29127674544929,21.04178565923562
9.55,7.761452558560588,9.534336412954795,130.48454335003402,94.88037454296418,99.14855529701377,1.5393712500081165,0.10683270799927413,0.1092924580007093,28.261790069193502,21.276654236380626,21.03815732449385
10.8,8.65366941261627,10.550564622131182,132.73697760460965,97.34143737304143,101.88981234431779,1.799414415989304,0.10752645799948368,0.11896091600647196,28.25763838775831,21.261233981891415,21.025750305302683
12.05,9.18526100207517,11.609877171617983,134.5358738774748,99.32041504926124,105.3229181757517,2.1002254579943838,0.1088287919992581,0.12164287499035709,28.25074755646985,21.26349855702289,20.973785253566657
13.3,9.984981634785537,12.665901185276358,136.07687821390974,101.26186480556292,107.79943548125148,2.361329792009201,0.11447383399354294,0.1287388339987956,28.25052305269378,21.258398784856762,20.958909112822116
14.55,11.088746628558555,13.656298530033007,137.2578205608208,104.75021027409007,112.05115801116465,2.6713192499883007,0.12339062499813735,0.13449300000502262,28.240819525962486,21.173284019347637,20.86843846599999
15.8,11.776854362884347,14.63194600153907,138.38441084940897,106.46693166639488,114.58562103848756,2.899584208003944,0.12751720800588373,0.1418871659989236,28.239706146858598,21.165434233413666,20.8392059833792
17.05,12.865632616559253,15.751612335194205,139.21362381582585,108.56181788532881,116.71243149575712,3.024677957990207,0.13178475000313483,0.15024741699744482,28.23445094047753,21.133411753446737,24.97877271840843
18.3,13.924212033023263,16.950085536326057,139.9638115292092,109.4550283615851,117.19872412252111,3.6070434160064906,0.1399668749945704,0.1476642079942394,28.217283862467422,21.144129758763906,20.845149806175616
19.55,14.588244845406482,17.815142727762787,140.6850243422443,111.55103420758967,120.19592017579546,3.6732514169998467,0.13831129101163242,0.14612062499509193,28.23392778190462,21.110987615184012,24.94285490965774
20.8,15.793169237185673,18.941182210223708,141.26053486594066,113.35027629715674,121.53366268324217,3.922361874996568,0.1483473749976838,0.15508287500415463,28.230704970830818,21.082918377217826,24.935197157732816
22.05,16.46704706021937,19.70562054267653,141.85433564282812,115.79009823411684,124.68202813450748,4.815444541993202,0.15739991700684186,0.16358366700296756,28.25519698052719,21.036076736484187,24.850690235382125
23.3,17.53132813842458,20.820985779563014,142.30725575711017,116.92590626450381,125.47327484724238,4.236846457992215,0.15703375000157394,0.16315241699339822,28.24944684460447,21.028192825517745,24.857794077541563
24.55,18.767783414116106,21.87468357679538,142.7219304082048,118.35347837061536,126.08108225627294,4.439762417008751,0.16679362500144634,0.17275395900651347,28.258260083528768,21.008068053635718,24.871800197582868
25.8,19.45131384088483,22.85452402350999,143.0855340805302,119.30048456863676,127.5540286978417,5.05123787499906,0.1712035420059692,0.17393687499861699,28.25372300554932,21.004567983745005,24.842548518310657
27.05,20.40622339962129,23.862482913304206,143.41888342910391,120.87946550358069,129.07138234513337,4.765582417006954,0.17725516700011212,0.18612183300137985,28.256165380775066,20.977696123066178,24.807385881996748
28.3,21.38694853587511,24.8628248040377,143.7199922776253,122.03539898313932,129.97511718032362,5.8801612079987535,0.18353254199610092,0.19239299999026116,28.25051717366222,20.963055308223055,24.797610970549762
29.55,22.584827504858215,25.878846237545194,144.00025330106155,123.33933774358431,130.55869227376215,5.897601582997595,0.18523816698871087,0.18451520799135324,28.258849892438004,20.94237745408095,24.802483324505303
30.8,23.313787531057827,27.113980055501017,144.24066722708156,122.40937068156502,130.09926241063124,5.087640916986857,0.1843704580096528,0.18670795801153872,28.249831567168226,20.99410900139682,24.852541505261918
32.05,24.611691711073945,27.987412365488797,144.48894170167986,125.12693068024593,131.903993931833,5.535563166005886,0.20609116699779406,0.1984578339906875,28.254683164635914,20.925342789547823,24.795491745859447
33.3,25.477655243221676,28.9477098803326,144.7035884898562,126.26773269719702,133.01746894473519,6.370894583989866,0.19473670799925458,0.19715137500315905,28.268961340190938,20.908424471920537,24.7678477808224
34.55,26.697766749115615,29.874027923559733,144.90772777996878,128.23481425746846,134.16145708380665,5.894798624998657,0.1881018749991199,0.1925064170063706,28.272351603095984,20.86163927146322,24.734907606780993
35.8,28.006772011780697,30.854291947956554,145.1042438271959,129.9917241635263,135.0573394109431,5.725482041991199,0.17560845900152344,0.1897228330053622,28.27614517473862,24.98036863835925,24.711430054646147
37.05,29.913533191846035,31.880638469024557,145.26627569954695,132.47891526316158,135.79821672558947,6.841575208003633,0.1904530000028899,0.19402174999413546,28.27355713411644,24.880776378525177,24.692375650434492
38.3,32.00831594622387,32.91144479876126,145.4376270070699,134.86423846020097,136.2922694797484,6.736401207992458,0.17613483300374355,0.1743070410011569,28.261375636267264,24.774868619516678,24.687695938453263
39.0,33.55942931065111,33.559429310651225,145.54345063137015,136.19354207207576,136.19352825838268,6.697812041995348,0.1668195420061238,0.16041620800388046,28.274456095364727,24.7076458199848,24.70764988494947
2.05,2.2499999999999982,2.2809220342858287,65.63310734249391,61.27635200466159,61.283645908645596,0.5878932920022635,0.05753045799792744,0.060714833001839,28.450385913090425,21.29130060723043,21.279557457030283
3.3,2.919532806331654,3.430660756518283,96.52970122370918,71.73870036238031,72.87955182254659,0.7653400419949321,0.06736024998826906,0.07068708298902493,28.47293615991915,21.291388692518623,21.122392897710693
4.55,3.4999542469605345,4.373385568159929,110.29993642151612,78.99221455374844,81.7779367212884,0.7491594580060337,0.07849208299012389,0.07381545800308231,28.434509256940984,21.2912827679403,21.0438199870497
5.8,4.709026027582993,5.839534158819938,118.46445474144146,84.7452325172454,87.97333965322213,1.010893083002884,0.08703429200977553,0.0929233749920968,28.337744550795488,21.291287200061713,21.048621407025934
7.05,5.6980148007468925,7.037213370360602,124.04497200889682,88.88209729652219,92.50384333712705,1.309492832995602,0.08767974999500439,0.1017570839903783,28.323360074542578,21.291233755867278,21.053990068340585
8.3,6.109598377355862,7.876163056291666,128.21266326268253,92.37586559689218,97.61371033239575,1.2818652499991003,0.08875487500336021,0.10071870799583849,28.304242908841953,21.29125544880441,20.99127539435519
9.55,7.285693318182753,9.075424715581754,130.97504885736092,95.68668606951772,100.84843169336719,1.4268467090005288,0.09057624998968095,0.11034829200070817,28.279150685769636,21.25544116812,20.982789667006884
10.8,8.391694477198733,10.338571994738738,132.9955557468369,98.07150939823646,103.30274387479577,1.7215195830067387,0.09563733301183674,0.11037712500547059,28.24562177964838,21.24452824698769,20.982306555385
12.05,8.853499500634161,11.215738550017763,135.04190879195724,100.03656346702728,106.55395140031847,2.163412124995375,0.10280058300122619,0.11728383300942369,28.263604363087172,21.24963717087692,20.945969466835958
13.3,9.322550967807954,12.165461401908242,136.47978880920394,102.0991137127404,110.41656065782794,2.1775567079894245,0.10347174998605624,0.1306977089989232,28.260271439779842,21.240782446281234,20.878625989427174
14.55,10.141326658086983,13.189228863748568,137.628942028705,104.1533731670155,113.21334555626929,2.377034375007497,0.10720891699020285,0.13289191699004732,28.258456272497707,21.21838810659742,20.8431468972014
15.8,10.89685458113879,14.150566185730547,138.66965835460556,106.13014473922586,115.98730886425696,2.469345457997406,0.11231612499977928,0.12332091700227465,28.26423379127473,21.19534032031343,24.96337009695002
17.05,12.328999622055573,15.43212234917352,139.46231900845854,107.34948954675679,115.53424312622226,2.3684932499891147,0.1258097919926513,0.13920008299464826,28.247337501693128,21.191627638555275,20.86857860288359
18.3,13.104593008864189,16.524576302138307,140.20637522828747,108.65182404687096,117.46892565932421,2.9042382080078823,0.12698045899742283,0.13837724999757484,28.241122205652673,21.186586561210813,20.846432746925874
19.55,13.626718773928609,17.621522588071006,140.81278381594217,109.57760837250271,119.70543750780902,3.5471739579952555,0.14035158399201464,0.14371866700821556,28.24115525753081,21.193097894160037,24.97024044864022
20.8,14.484334356892735,18.68014188761326,141.3770052877435,111.01539440844824,121.50035922861233,3.788164333993336,0.14012050000019372,0.15234883299854118,28.240300110366828,21.176382973688177,24.94077514511205
22.05,15.310907836078199,19.684195534049106,141.89665754227113,112.41984803153457,123.24306989183772,3.466587791001075,0.13907204200222623,0.1533407920069294,28.24996055531657,21.160159812449958,24.91249039606819
23.3,16.29804320647918,20.685197886184206,142.344150354385,114.35183954941344,125.29567893373294,4.026019584009191,0.15503770799841732,0.1597629159950884,28.246817790420035,21.122564740404517,24.86528204910772
24.55,17.05115204392753,21.685657698738286,142.73808628679075,115.48522875517315,126.82842244369185,4.070291250012815,0.1530925830011256,0.16138654100359417,28.254168069740402,21.112257799267564,24.835845064892652
25.8,17.727167047789933,22.597619614214164,143.1186212003278,117.01156950338866,128.99941795301248,4.8545630000007804,0.16029237500333693,0.16927574999863282,28.26371243457195,21.089017959967574,24.775614816153315
27.05,18.788672337435223,23.611327212194286,143.44628412741508,119.03462920940692,130.7836747729653,4.70162624999648,0.16641495800286066,0.17181795800570399,28.25871567369422,21.04658633959441,24.725348956532947
28.3,20.171789763126892,24.608842036245942,143.74826052844315,121.39759715318591,131.97120084292965,4.970852374986862,0.16794987498724367,0.17684887499490287,28.268984553685044,20.990276942507496,24.700082355919946
29.55,21.233686749478757,25.610298755265152,144.01883832280524,122.46840728480099,132.50440934292143,4.972058458006359,0.17087754199746996,0.18110870900272857,28.26956384473071,20.976554319718982,24.705963147990648
30.8,23.54785518466006,26.63475354614428,144.2700191856222,126.59389645406202,133.35097212250233,5.1502808749937685,0.18901787500362843,0.1882266669999808,28.27526131868702,20.857923260279588,24.693317995170005
32.05,25.236725206587593,27.743400478465876,144.50498924686048,127.82535924131359,132.92944235722956,5.875974042006419,0.1886358749907231,0.18687358299212065,28.267990835596848,20.834431189566892,24.74624718917041
33.3,25.6118440568032,28.85410694520174,144.70986000765703,127.1799287432038,133.51996433807003,6.230344791998505,0.19694495800649747,0.19520591699983925,28.26634982620398,20.87766235297728,24.74160399224238
34.55,27.703057505930303,29.854058709766466,144.91210530280767,130.0475007321569,134.02166778772315,5.744820792009705,0.18520508299116045,0.1956139579997398,28.267608378846035,24.950203309827366,24.742845323343452
35.8,28.455254189607082,30.91946135849064,145.09124622768917,130.28252852153088,134.62608690357447,5.928289832998416,0.19311179099895526,0.19987704200320877,28.273158987700462,24.96360292686896,24.73420181256131
37.05,29.687744982137275,32.04509789831913,145.26555106952873,130.70239234689066,134.63979641534556,6.313929916010238,0.18100591699476354,0.18631287499738391,28.269294546619754,24.965984812778434,24.75798034222597
38.3,31.594438864557084,32.96247883043074,145.437800126933,133.63157470514486,135.8160364728463,6.688691083007143,0.17272912499902304,0.17159541600267403,28.26244672758382,24.84278844733739,24.71639363775644
39.0,33.55942931065111,33.559429310651225,145.54345063137015,136.19354207207576,136.19352825838268,6.760335957995267,0.16635045799193904,0.15936141699785367,28.274456095364727,24.7076458199848,24.70764988494947
2.05,2.2499999999999982,2.2809220342858287,65.63310734249391,61.27635200466159,61.283645908645596,0.609320542003843,0.05785904200456571,0.06086470899754204,28.450385913090425,21.29130060723043,21.279557457030283
3.3,2.9483348861787677,3.3966664293704056,96.14164646496695,72.21499293117435,73.16972531693396,0.7202167499926873,0.06619183399016038,0.06909341599384788,28.441408150204182,21.291399378913034,21.15456025023742
4.55,3.4968180362367836,4.349361691357737,110.51459144550583,79.37438348255029,82.01265590098738,0.7996336659998633,0.08677595799963456,0.07946562499273568,28.414089021219787,21.29128255351903,21.05457764940183
5.8,4.3564928058737875,5.4628403556243255,119.06976553933232,84.81212233887649,88.24020496895064,0.9557337080041179,0.08640854099940043,0.08148320899636019,28.36525377729709,21.291276525731664,21.036472772963386
7.05,4.961502495309012,6.33066681831223,124.80236802821722,89.28457441706396,93.921518847295,1.0262070830067387,0.08679083299648482,0.08930404100101441,28.35549239055552,21.278254574792147,20.98989473938014
8.3,5.799512238629662,7.520133427729322,128.51534794707598,92.58248315800674,98.239390482297,1.250359291996574,0.0878537079988746,0.09818987500329968,28.330768016888708,21.277903782128583,20.961132954226567
9.55,6.444784094112312,8.496052161043927,131.3673400110048,95.5952749868696,102.83124761352637,1.362893833007547,0.08823604200733826,0.10122850000334438,28.3274727679327,21.257058966980726,20.89210496030716
10.8,7.269658344074253,9.69447542167551,133.4319695041077,97.72410424678404,105.59493182030201,1.5519651250069728,0.0929392919933889,0.1129381250066217,28.31134448983979,21.268073700383137,20.892589446317928
12.05,7.807854507088056,10.67985264799108,135.17840222232232,100.71809177691382,111.77087699142801,1.6705947919981554,0.09609562499099411,0.10899016600160394,28.315745682952965,21.22665474254593,24.90244663842821
13.3,8.88934852930833,11.758963580445078,136.59687217611818,103.76136277680337,114.99365294105333,2.1055057089979528,0.10246187500888482,0.12298283299605828,28.299726036036535,21.171944487475724,24.856259864493435
14.55,10.421758038466624,12.963747870605946,137.71611296092982,106.29148201653011,115.25374884227806,2.287197958008619,0.10615879199758638,0.12450383300893009,28.272638895221867,21.12761673784446,24.924717232101862
15.8,11.176426072341386,13.929956781460087,138.75121146871973,108.54532210351825,118.46246849331449,2.5697475829947507,0.1141987919982057,0.13901883299695328,28.274941951954514,21.09977882119761,24.86053570961145
17.05,12.784591011837733,15.14377177054448,139.52028493814365,110.7878517447808,118.60623403126911,3.0064977910078596,0.13239816699933726,0.15175400000589434,28.263551811288337,21.057745683728754,24.914590221406552
18.3,13.556617771786094,16.33560635085418,140.24924453700146,110.66396734400239,118.71808361350998,2.976045208008145,0.13365699999849312,0.13295958399248775,28.25514430194998,21.107236179302408,24.965254071169348
19.55,14.38532407177372,17.440920657267995,140.87261314731523,111.67600017892373,120.11436701233133,3.336887999990722,0.1345455000118818,0.134221084008459,28.252684453494876,21.11037058765296,24.95635700477773
20.8,15.413724112583873,18.55111772024179,141.4237127961482,113.2307209054457,121.6268769401341,3.2717244170053164,0.1401138329965761,0.1460948330059182,28.251963205718923,21.09153278278342,24.939774761440738
22.05,16.54182820116041,19.438222303138446,141.9497976042168,115.49490173064255,123.37095312575676,4.347186042010435,0.1534033339994494,0.16038145800121129,28.26653472795321,21.04592784944027,24.913770479822823
23.3,17.44389935040991,20.43860884288324,142.4060401571374,117.33338724281285,125.43140652192683,3.7911540839995723,0.15691095899092034,0.16684908299066592,28.275637748221637,21.01621439756818,24.867789608891
24.55,18.56137326361445,21.494660531938035,142.80722992647122,118.75365778560813,126.37379335068283,4.595010374992853,0.15768258400203194,0.1654946250055218,28.276298372492324,20.996937593906534,24.86561224367029
25.8,19.76239755508013,22.575493423985385,143.14724599430366,120.43643661745628,127.50939186637129,4.5886555000033695,0.1644764170050621,0.17067862499970943,28.27001228531351,20.96640162685923,24.85015526230574
27.05,20.71290156635846,23.65329906213361,143.4701988793827,121.10637983130277,128.12413375119803,4.849694082993665,0.16422358399722725,0.17086399999971036,28.261912132532366,20.968849763377253,24.855597310445948
28.3,21.530141308597102,24.78401794665206,143.75921217991907,121.1529773143684,128.43926623354622,4.666962167000747,0.1664259579993086,0.17372295800305437,28.26585859251798,20.99118657838395,24.87275890012888
29.55,22.33703121952625,25.87764345685185,144.0185705604479,121.74062115393436,129.33134437643596,4.600376250004047,0.17146904200490098,0.17614762499579228,28.262349857471513,20.99473690382042,24.861746222832245
30.8,22.770890647250027,26.863557452140626,144.27952831518633,121.61650269698457,130.0262501014108,4.868165167004918,0.17074225000396837,0.17794012500962708,28.26334741442883,21.022253423733257,24.86049533167165
32.05,24.00432811162287,27.93883017526184,144.50350356883627,122.99297907868883,130.8066676423926,5.048340249995817,0.18061999999918044,0.17875158399692737,28.263275904472362,20.99622517077594,24.85088977806759
33.3,26.26236528274162,29.140040411349442,144.70415844354955,125.40006948386096,130.83054259107945,5.379002332992968,0.1849011669983156,0.1921353329962585,28.262019012945103,20.931523667640832,24.874221318629104
34.55,27.679391113035134,30.18800667916631,144.89177995317604,127.57935737649552,132.09865381107667,6.105569707986433,0.18918549999943934,0.19511333300033584,28.255080846368063,20.87727820591578,24.837939717870224
35.8,29.728815149774874,31.155171753440406,145.0762617530043,130.74962204274618,133.18626883975634,6.246007166992058,0.18617120900307782,0.19919916600338183,28.25484639164053,24.93433985907688,24.8086079916873
37.05,30.289770564745936,32.14299885770061,145.25497382057966,130.89232418837713,133.9483960754682,6.397570542001631,0.1776495420053834,0.18339016700338107,28.258429692834603,24.9534819149313,24.794068102041813
38.3,32.323243185767915,33.09728360766948,145.43387913425212,134.2214151217368,135.43231148956477,5.930821250003646,0.16923174999828916,0.16933487499773037,28.261953194450125,24.807299079108947,24.736743086252844
39.0,33.55942931065111,33.559429310651225,145.54345063137015,136.19354207207576,136.19352825838268,6.633582916998421,0.16379329100891482,0.15738775000500027,28.274456095364727,24.7076458199848,24.70764988494947
