Avg_Degree,Lower_Bound_R0,Actual_R0,Difference 1,Difference 2,Difference 3,Duration Direct,Duration Lower Bound,Duration R0
2.05,2.2499999999999982,2.2809220342858287,4.356755337832325,0.007293903984006533,4.349461433848319,0.5639740420010639,0.05652033300430048,0.05983104099868797
3.3,3.5995869819393502,3.734226568000715,23.09504095243176,0.19141412061827623,22.903626831813483,0.6797868749999907,0.07131299999309704,0.07474758299940731
4.55,4.827708124037969,5.094874345322616,30.140084002157863,0.43060134877084977,29.709482653387013,0.971034125002916,0.08024187499540858,0.0849533330037957
5.8,5.034938791789024,5.747695563010483,33.98748048238522,1.6109881270672872,32.376492355317936,0.9584345830080565,0.0800922499911394,0.08531283399497624
7.05,6.0260506443052595,7.005502874508806,35.686085483968284,2.17751597939656,33.508569504571724,1.180262790992856,0.0826897080114577,0.0939877089986112
8.3,6.689533364335899,8.066235666133618,36.13454181807933,3.2633415204487903,32.87120029763054,1.382233084004838,0.08677975001046434,0.09620766699663363
9.55,7.160476789603446,9.08122068233254,36.16861058115741,5.01176252800245,31.15684805315496,1.529533791996073,0.09047633298905566,0.09565254100016318
10.8,7.9522915200480995,10.115093652748644,36.01345933786398,5.630955144268043,30.382504193595935,1.8414125419949414,0.09182249999139458,0.1064375830028439
12.05,8.511883134474118,10.925140173373466,35.36841913205333,6.842553349816967,28.525865782236366,1.9735395000025164,0.09652216600079555,0.11543554200034123
13.3,9.319402564688602,11.95194440187761,34.923644096389665,7.255409544224591,27.668234552165075,1.9193192499951692,0.1024887499952456,0.1124662910006009
14.55,10.259572139070787,13.061069788528624,33.84410036455827,7.920242500338091,25.92385786422018,2.47256737499265,0.10391104100563098,0.11421295900072437
15.8,10.976991097639043,14.081713260592188,32.70004552177724,9.23622805202669,23.463817469750552,2.6464848750038072,0.11533904199313838,0.1292342090018792
17.05,11.339273167265372,15.115141365093612,32.56364384589101,11.077994375598124,21.485649470292884,2.62570954200055,0.11635729200497735,0.13259266600653064
18.3,12.433041169532927,16.049234874405325,30.0439435971563,11.72116418382707,18.32277941332923,3.167941333987983,0.13697783299721777,0.15197104199614841
19.55,13.22124774503337,17.288254824740296,30.28800787427356,11.791190519882065,18.496817354391496,3.591396874995553,0.1325624169985531,0.1430893329961691
20.8,14.163853615027953,18.452399488687377,30.079849944938132,11.440457436916006,18.639392508022127,3.534290832991246,0.14333387500664685,0.14898479099792894
22.05,15.229636502601615,19.63611760749815,29.43668959567907,11.039276187585898,18.397413408093172,3.9405595419957535,0.13661233300808817,0.15342950000194833
23.3,16.754357498498255,20.753018246379646,27.542258495010117,9.902493304206217,17.6397651908039,4.0086758749966975,0.1549933750065975,0.16572008300863672
24.55,17.673196700695428,21.740805108037268,26.271938707025484,10.021066936328538,16.250871770696946,4.145569333006279,0.16078887500043493,0.1665178750117775
25.8,18.7587261821615,22.85240171282256,26.040314526708514,9.437538237220267,16.602776289488247,4.537859334013774,0.164517541998066,0.17223895899951458
27.05,21.029515197341276,23.976598218157317,22.99455034407204,6.679771868356184,16.314778475715855,4.776103665994015,0.16641645900381263,0.17234000000462402
28.3,22.132064346477122,24.802299985808954,21.01410214691475,6.053693475391981,14.96040867152277,4.7105848339997465,0.17604583300999366,0.1736226670036558
29.55,23.11948801680177,25.773774330692312,19.23299923575108,5.867072926079587,13.365926309671494,5.137145875007263,0.1798741670063464,0.17751950000820216
30.8,23.579540545883553,26.63665742771846,18.343942079796506,6.645957181442213,11.697984898354292,5.506416666001314,0.1780378339899471,0.17920495801081415
32.05,24.424221671573136,27.539921217268738,16.550772095434994,6.547216693268652,10.003555402166342,5.16089466700214,0.18291662500996608,0.18170041700068396
33.3,25.665734483651683,28.661188180333507,16.196162799055827,5.924260615822021,10.271902183233806,5.975286542001413,0.18394050000642892,0.18429483400541358
34.55,27.03263182072439,29.65044880822348,14.262604250548293,4.964954373278232,9.29764987727006,6.661959834003937,0.18069958400155883,0.19155320900608785
35.8,28.713469997100056,30.740775650442725,12.933622967061382,3.6238751276922017,9.30974783936918,6.126608292004676,0.18216195800050627,0.19494200000190176
37.05,30.579947300412552,32.00331238575867,12.466328644399624,2.366309056104768,10.100019588294856,6.23618483399332,0.1759123749943683,0.1843220000009751
38.3,31.84069282409383,32.99764950408367,11.405418787761846,1.831853834520473,9.573564953241373,6.48101725000015,0.16958270799659658,0.1664412079990143
39.0,33.55942931065111,33.559429310651225,9.349908559294391,-1.3813693072961541e-05,9.349922372987464,6.606453625005088,0.1637192500056699,0.15694887499557808
2.05,2.2499999999999982,2.2809220342858287,4.356755337832325,0.007293903984006533,4.349461433848319,0.5768055830121739,0.05656316700333264,0.05988204199820757
3.3,3.4545139303349544,3.667808819884916,23.909194207572725,0.32075450084327883,23.588439706729446,0.8297489590040641,0.07785275000787806,0.08382308400177862
4.55,3.688022258657061,4.523079911402821,30.49929524676,2.2453186406761034,28.253976606083896,0.9141843340039486,0.07775966699409764,0.07413333299336955
5.8,4.451673532547426,5.6016453874649565,33.59646097733474,3.452335174241938,30.144125803092805,0.8182553749938961,0.08219479100080207,0.0856623750005383
7.05,4.451673532547426,6.416288838823992,35.414280210823605,8.590334761573587,26.82394544925002,1.0727487499971176,0.08399645799363498,0.0743921249959385
8.3,5.268280237065598,7.551253943458498,35.87832471509603,9.161223811443946,26.71710090365208,1.1254595840000547,0.08951912498741876,0.08553591699455865
9.55,6.7174047800168175,8.97638979432913,36.04983650531052,6.812541200286105,29.237295305024418,1.4929817079973873,0.09385991700401064,0.1134187920106342
10.8,7.802799696060434,10.10982159386778,35.51072223035786,6.647306851947647,28.86341537841021,1.4867702080082381,0.09311620799417142,0.11353999999118969
12.05,8.6459112169338,11.170596395505669,35.35775722264255,6.922307991393822,28.435449231248725,1.6522590420063352,0.1013383329991484,0.11560433398699388
13.3,9.500073405180842,12.26161728417186,34.70942001075802,7.463698481125476,27.245721529632547,2.046609791999799,0.10715254199749324,0.12123720899398904
14.55,10.428019616150769,13.286348259248367,33.90977945319099,7.671869116432205,26.237910336758787,2.0614466669940157,0.10935029099346139,0.12366154200572055
15.8,11.097178614530485,14.271230136191603,33.639857678739205,8.30115130046103,25.338706378278175,2.941702042007819,0.11560600000666454,0.1359051249892218
17.05,11.775693936403293,15.26330040981505,32.50639402974289,9.627635237701199,22.878758792041694,3.0355263750097947,0.1256004160095472,0.13159320899285376
18.3,12.842410488859915,16.27529077261407,31.6856348733199,9.095513286181173,22.590121587138725,3.2712895830045454,0.1298962919972837,0.14035183399391826
19.55,14.429760104238646,17.366861212250498,29.187005389027732,8.131994607977546,21.055010781050186,3.427410082993447,0.13247437500103842,0.13797304200124927
20.8,15.057432185477836,18.353338083219942,28.078415953646413,9.248063245789353,18.83035270785706,3.2905168750003213,0.1326257920009084,0.1397274579940131
22.05,15.764007161204605,19.463204250894627,28.03656445682533,9.756215759794856,18.280348697030476,3.396863999994821,0.13740087499900255,0.1435568750021048
23.3,16.712100618063488,20.482319756809478,27.090880589860987,9.736016897736349,17.35486369212464,3.814295124990167,0.14297416599583812,0.15039237499877345
24.55,17.487503406389596,21.55068399795756,26.51008888952866,10.145258732466772,16.36483015706189,4.590618165995693,0.14864254101121332,0.15557333298784215
25.8,19.009758492908027,22.581014743834103,24.617523811209225,8.752601474916261,15.864922336292963,4.443001040999661,0.15508595800201874,0.16307220800081268
27.05,19.6422346067586,23.598052733923108,24.045300217377672,9.4176422614145,14.627657955963173,4.423917250009254,0.15711575000023004,0.1648983750055777
28.3,20.845618876820467,24.558160295320178,21.867021417954376,8.79637907723152,13.070642340722856,4.774007125000935,0.16327345799072646,0.16895454200857785
29.55,22.2343185260966,25.56037787605931,19.24458477325129,7.65186775315405,11.59271702009724,4.726901332993293,0.1778995000058785,0.1767260000051465
30.8,23.538592881495155,26.72249775934361,18.913886054865756,6.860900968837811,12.052985086027945,5.066100041993195,0.17934929199691396,0.17973979200178292
32.05,24.654206469767978,27.776208796303987,18.110702299256175,6.410156084075609,11.700546215180566,5.573542374986573,0.184992707989295,0.18447104201186448
33.3,26.023150199295824,28.89059479584902,17.276393871602693,5.544601253268041,11.731792618334651,5.306975208004587,0.18682658299803734,0.18872358299267944
34.55,27.187432083894834,29.896136810410997,16.102405044532304,4.985254160342521,11.117150884189783,5.764760042002308,0.19040112500078976,0.1928967499989085
35.8,28.341648032433355,30.90173323736724,14.771138959854198,4.5229937657343555,10.248145194119843,5.867920000004233,0.1789310000021942,0.18897570799163077
37.05,30.278967946658227,31.986701893498765,13.245065747933012,2.8557519957119837,10.389313752221028,6.306206875000498,0.17781712500436697,0.18515254100202583
38.3,31.402051557228177,32.94260259050553,11.825171409565002,2.463510219112891,9.36166119045211,6.0296201659948565,0.16965633400832303,0.1693475420033792
39.0,33.55942931065111,33.559429310651225,9.349908559294391,-1.3813693072961541e-05,9.349922372987464,6.638019499994698,0.16286162499454804,0.15737145800085273
2.05,2.2499999999999982,2.2809220342858287,4.356755337832325,0.007293903984006533,4.349461433848319,0.5760090420080815,0.05640770799072925,0.05970145799801685
3.3,2.9481840965329607,3.1616813556559067,24.820431884796477,0.3676301405262734,24.452801744270204,0.6801619170000777,0.06204849999630824,0.0661346249980852
4.55,3.898644476797521,4.572322357543589,30.3242256449076,1.5645761170845702,28.75964952782303,0.8303564580128295,0.07749983298708685,0.07230725001136307
5.8,4.540061604920847,5.6505724385788945,33.517018919769995,3.063670404343142,30.453348515426853,0.7954713749932125,0.081436416003271,0.08624454200617038
7.05,5.193058075038294,6.787112488665304,35.0349899382644,4.893168454163003,30.1418214841014,1.123778166991542,0.08700825000414625,0.09069695799553301
8.3,6.222099796264031,8.002792918227577,35.872875799830865,5.009764717858502,30.863111081972363,1.2813002909970237,0.08864149999863002,0.09995837500900961
9.55,7.40220423634619,9.235807794601786,35.83753236615752,4.788929978547159,31.04860238761036,2.247944541988545,0.09922620799625292,0.1038177500013262
10.8,8.126777341210342,10.184323582855477,35.37459267291254,5.622432607639979,29.752160065272562,1.8828283750044648,0.10177833300258499,0.11645629099803045
12.05,9.36930626592528,11.269130333371209,34.03250325452677,5.400921790790306,28.631581463736467,2.3156290410115616,0.11355624999850988,0.12490458298998419
13.3,9.784257075567098,12.13130465460969,33.70278751246889,6.970948167768242,26.731839344700646,2.584026125012315,0.11368916700303089,0.1349570829916047
14.55,10.681633198551005,13.199634199444796,32.744287955118324,7.615290464657619,25.128997490460705,2.569467541994527,0.11529404101020191,0.14419604100112338
15.8,11.595985195427643,14.287487818562052,31.33234111479115,8.383191381814413,22.949149732976736,2.9146837090083864,0.12852012499934062,0.13271841600362677
17.05,12.853944400838431,15.460469580201195,30.469964369883016,7.563635403007893,22.906328966875122,3.4624182090046816,0.13737991599191446,0.16365004201361444
18.3,13.456703989895924,16.43069862073385,30.376526451848264,8.245703948019766,22.130822503828497,3.567283500000485,0.1384639580064686,0.1378131669916911
19.55,14.839328157254787,17.477540278923517,28.525755283464235,7.314681656860259,21.211073626603977,3.9202719170134515,0.14664754099794663,0.14448599999013823
20.8,15.538713382167952,18.489360360468357,27.39745532350247,8.239642959158672,19.157812364343798,3.7213890419952804,0.15010400000028312,0.15715924999676645
22.05,16.286089122973685,19.472804399030192,26.5293486300655,8.793303929214332,17.736044700851167,3.47187695800676,0.1523431669920683,0.16114500000549015
23.3,16.818268819290264,20.450829231459792,26.220672507980154,9.760618203363165,16.46005430461699,3.768653166000149,0.15162637500907294,0.16065054100181442
24.55,18.080717803068474,21.537866533331556,25.058375885928655,8.884436478253946,16.17393940767471,4.738438125001267,0.15273766599420924,0.15929004100325983
25.8,19.71537310891422,22.647557483204338,23.00939368238639,7.283328460785498,15.72606522160089,4.011845708999317,0.15468199999304488,0.1573547919979319
27.05,20.51352657438728,23.54772879331078,21.95130097080815,7.420872652032415,14.530428318775733,4.3603368749900255,0.1570946670108242,0.1627160409989301
28.3,21.51643068906627,24.67420899900019,21.809164903353192,7.262467244653763,14.54669765869943,5.003281915996922,0.16383366601075977,0.16806224999891128
29.55,22.626177164773065,25.7241551523149,20.586872958191734,6.897381591453993,13.689491366737741,5.779946958995424,0.17736516600416508,0.17673079199448694
30.8,23.877386904928386,26.582243019669516,18.32934921053169,5.895468728221601,12.433880482310087,4.754988792003132,0.17801358299038839,0.17558116700092796
32.05,24.951951438693904,27.72214054883534,17.956420843684455,5.707933359364418,12.248487484320037,5.470306499992148,0.18479429199942388,0.18471450000652112
33.3,26.68526658211794,28.89546833479944,16.584180115812444,4.225944382322922,12.358235733489522,5.319926459007547,0.189451750004082,0.1891651250043651
34.55,27.6415624439773,30.030851506179317,16.50744393130219,4.343436602716309,12.164007328585882,6.843884500005515,0.1951710409921361,0.19971008300490212
35.8,29.250259871454247,31.02801889335484,14.319187043796035,3.0872915547108164,11.231895489085218,6.377925583001343,0.18662070800201036,0.20038441600627266
37.05,30.44494421989984,32.040300492038696,13.282292234939746,2.651148193181399,10.631144041758347,5.993079084000783,0.17803249999997206,0.1920018329983577
38.3,32.012307790091256,32.94195084559979,11.107959905670583,1.4768776646400568,9.631082241030526,5.821301124989986,0.17334175000723917,0.17471533300704323
39.0,33.55942931065111,33.559429310651225,9.349908559294391,-1.3813693072961541e-05,9.349922372987464,6.710427166995942,0.1663025000016205,0.16052758299338166
2.05,2.2499999999999982,2.2809220342858287,4.356755337832325,0.007293903984006533,4.349461433848319,0.5914720420114463,0.05735904099128675,0.06140866599162109
3.3,3.1293475553669645,3.646217331412641,23.17240439265521,1.0507257897652664,22.121678602889943,0.7074646249966463,0.0695964170008665,0.07088420899526682
4.55,4.063631563026814,4.708757396966152,30.06963028259463,1.5290017426515732,28.540628539943057,0.8480205410014605,0.07834033400285989,0.07695320900529623
5.8,5.445034789495651,6.27367719986603,32.84417401303688,1.7417182110060736,31.102455802030804,1.041987374992459,0.0851935419923393,0.09117587500077207
7.05,6.519037589558425,7.516909353504208,34.55380455999675,2.070559642134242,32.48324491786251,1.0655417079979088,0.09012987501046155,0.09390354099741671
8.3,7.008788754596466,8.416778853079954,35.71712745400164,3.2214736980212564,32.495653755980385,1.358632542003761,0.09314158299821429,0.09765895799500868
9.55,7.788798381424403,9.417897664921448,35.39042120589676,4.034751481936951,31.355669723959807,1.5873673330061138,0.09428854199359193,0.10294645800604485
10.8,8.634886373416787,10.442112784224516,34.8022540361941,4.772415005376146,30.029839030817953,1.5386742080008844,0.09685983299277723,0.1093093750096159
12.05,9.538080138178472,11.707800873800334,34.2293236681914,5.740179531160123,28.489144137031275,2.2388950000022305,0.10635779099538922,0.11897275000228547
13.3,10.121244592393136,12.600881133304544,33.994565962500076,6.5439819636512055,27.45058399884887,2.287712375007686,0.11002574999292847,0.1240808750008
14.55,10.661674764347913,13.57663455974985,33.11176221269886,8.229587155341846,24.882175057357017,2.2811628750059754,0.11160399999062065,0.1290965829975903
15.8,11.826815257102336,14.62496778107698,31.83437585048479,7.901639308620261,23.93273654186453,3.027468415995827,0.12595816599787213,0.14110858298954554
17.05,12.760730804661069,15.605382873101934,30.4955864732176,8.222414438728606,22.273172034488994,3.432721000004676,0.12693741598923225,0.14093691601010505
18.3,13.533347293702764,16.706859750718316,30.348776290453415,8.653597770390206,21.69517852006321,3.5043679170048563,0.131857125001261,0.13431729200237896
19.55,13.903927732680295,17.608845808370198,30.174547912571086,9.966810164871191,20.207737747699895,3.4733631669951137,0.1369068329950096,0.14170362500590272
20.8,15.058643536993245,18.60001165333211,28.453834252561933,9.629899282636927,18.823934969925006,3.6205304580071243,0.14433929199003614,0.15389216699986719
22.05,15.430135519832639,19.714970448243587,29.583849336150195,10.433308680493212,19.150540655656982,3.624568040992017,0.1400819159898674,0.1514581669907784
23.3,16.796782590290626,20.857954159014096,28.695676293771626,9.368463073510185,19.32721322026144,3.977728334008134,0.1485506669996539,0.15514316699409392
24.55,17.904572761814485,21.826537230759495,27.118275246385394,9.120444538854045,17.99783070753135,4.029273958993144,0.15562983299605548,0.15866966600879095
25.8,18.807911699176667,22.91923262249533,26.510213694020663,9.188405190383051,17.321808503637612,4.246962292003445,0.15830362499400508,0.16664241699618287
27.05,19.49851913090465,24.02310501453806,26.45590328378293,9.611346506952287,16.844556776830643,4.787805708998349,0.16267466699355282,0.17095149999659043
28.3,21.244111904801947,25.1228695162253,24.719014621960397,8.028330983654513,16.690683638305885,4.648837584012654,0.17059120800695382,0.1764311250008177
29.55,22.122369229630202,25.937684069781085,23.080051998747507,8.01716405534404,15.062887943403467,4.882356709000305,0.17222962499363348,0.18031995800265577
30.8,22.777633658500022,26.79308106529425,21.797867702270054,8.426717623014639,13.371150079255415,5.498452250001719,0.18087166699115187,0.1854033330018865
32.05,24.573535939924813,27.90219132915318,19.53134021609243,6.725293606932112,12.806046609160319,5.35000345800654,0.18822537499363534,0.18747566599631682
33.3,25.66941697557455,28.80261564976659,17.747025175905407,6.149864888095465,11.597160287809942,5.833733499996015,0.19443937500182074,0.19483725000463892
34.55,27.281378741408172,30.052463524855764,17.253444815034243,5.071852410528123,12.18159240450612,6.29887325000891,0.18859366599645,0.1938148750050459
35.8,27.65183769193289,30.916794021884243,16.655947354348825,5.851127498722491,10.804819855626334,5.965355375010404,0.19195683300495148,0.19925649999640882
37.05,29.850999226978402,31.92052493939319,13.445262454750974,3.495491200648047,9.949771254102927,6.320900167003856,0.17904608300887048,0.19129833299666643
38.3,31.772074222651078,33.02928939568353,12.069368702587497,1.9992844654353519,10.070084237152145,6.683229083006154,0.167585750008584,0.16583349999564234
39.0,33.55942931065111,33.559429310651225,9.349908559294391,-1.3813693072961541e-05,9.349922372987464,6.613072916006786,0.16244670801097527,0.1568707499973243
2.05,2.2499999999999982,2.2809220342858287,4.356755337832325,0.007293903984006533,4.349461433848319,0.5803822919988306,0.057273875005193986,0.06029704099637456
3.3,3.329475934260088,3.5401493222668035,24.263860788167094,0.3299361494146069,23.933924638752487,0.7443255000107456,0.07504154100024607,0.06916100000671577
4.55,4.12529239302092,4.633950808429384,30.84763213572623,1.1114927690351522,29.736139366691077,0.7892341660044622,0.07794116699369624,0.08282641699770465
5.8,4.702370140285361,5.6268029784041165,33.8666267444988,2.436743949643983,31.42988279485482,0.8924977080023382,0.08366491600463632,0.0868279580026865
7.05,5.884539545579527,6.87809313536164,35.43412356189273,2.328144590763827,33.105978971128906,0.9963691250013653,0.08491895798943006,0.09530166701006237
8.3,5.975614060658213,7.659530425140474,36.02524079529914,5.015347329400967,31.009893465898173,1.0571902500087162,0.0846939589973772,0.09660566700040363
9.55,6.7869919306274085,8.814169379248737,36.059919880572366,5.811426412135162,30.248493468437204,1.3438784169993596,0.09609754200209863,0.11643870901025366
10.8,7.6809424974496725,9.905059893065483,35.53815782182248,6.60539972486562,28.93275809695686,1.873497958004009,0.10714041700703092,0.12520233399118297
12.05,8.3876020741443,11.030181908955278,35.06340574860259,8.058636376488252,27.00476937211434,2.317259582996485,0.12343225000950042,0.14158149999275338
13.3,8.675632421516436,11.894450722059144,34.74688261868404,10.435534653910068,24.311347964773972,2.4972735839983216,0.12484816600044724,0.13186733399925288
14.55,9.351718000923992,12.899886064460595,34.60043975908731,10.786691730811881,23.813748028275427,2.7370064580027247,0.12249329200130887,0.13926812499994412
15.8,10.8403854637489,14.04767361137918,32.70775191906576,9.844069658731357,22.8636822603344,2.7416529999900376,0.12288987499778159,0.13788687498890795
17.05,11.459032944594128,15.025745356013438,32.20568794778262,10.761386478653293,21.44430146912933,3.0739864589995705,0.13555470899154898,0.14675183399231173
18.3,12.274956261122417,16.166049536218438,31.909703841482397,10.943176447498828,20.96652739398357,3.13528858301288,0.13434783300908748,0.1485627090005437
19.55,13.13730469710871,17.255344502334456,30.708651658592174,11.609693905867033,19.09895775272514,3.4224547920020996,0.13680820900481194,0.1441874170122901
20.8,14.045129806377552,18.269696107718303,30.137818794862568,11.390864372193207,18.74695442266936,3.9990092500083847,0.14045550000446383,0.1553360420075478
22.05,14.87159021603355,19.26931528049981,28.915117607067828,11.95369519694816,16.961422410119667,4.873702416996821,0.14012770900444593,0.15845629200339317
23.3,15.696183903949052,20.263095044326363,27.732309128936308,12.304211771567523,15.428097357368785,3.78688775000046,0.14977074999478646,0.15847687500354368
24.55,17.121024166980472,21.546025742045146,27.417791176338923,10.723909523682963,16.69388165265596,4.484239167009946,0.15715825000370387,0.16656087500450667
25.8,18.600106919597135,22.543918460880008,25.119137984544324,9.649297399626107,15.469840584918217,4.214365624997299,0.16188070899806917,0.17152466699189972
27.05,19.568503298118664,23.58807806153054,23.818218035413324,9.662977461324076,14.155240574089248,4.661031333002029,0.1635180000012042,0.17400400000042282
28.3,21.61385967976588,24.656499636794308,20.3513780198914,7.155387913776849,13.19599010611455,4.525368874994456,0.17524549999507144,0.17380133300321177
29.55,22.647829220366972,25.816844374917604,20.192566278612134,6.987323529171562,13.205242749440572,4.897963666997384,0.18087920799735002,0.1803384999948321
30.8,23.52312153495535,26.848040572743137,19.108523541692094,7.0551496872162005,12.053373854475893,5.3177545000071405,0.18473441600508522,0.18155604100320488
32.05,25.39222097788666,27.747504628385165,15.600949722013809,4.806112655503341,10.794837066510468,5.461205792002147,0.17613066699414048,0.18420058400079142
33.3,26.86168974991891,28.922764337549875,14.539559765079105,3.933474748130834,10.60608501694827,5.645365958000184,0.1838371250050841,0.19165120799152646
34.55,27.75700206064389,29.949441262167536,14.427419722461195,4.011471947092502,10.415947775368693,6.419018500004313,0.1933533340052236,0.1957510419888422
35.8,29.207051203638187,31.031022297934022,13.777907618180961,3.1647949731581093,10.613112645022852,6.743101832995308,0.18607045798853505,0.19822299999941606
37.05,30.542274430308133,32.05291415275462,12.819313136552552,2.5017532862812857,10.317559850271266,7.0403529169998365,0.1782103330042446,0.19050254099420272
38.3,32.31518286578,32.95044331779668,10.087679246665687,0.9930638389725175,9.09461540769317,6.998947291998775,0.17326520799542777,0.16952483399654739
39.0,33.55942931065111,33.559429310651225,9.349908559294391,-1.3813693072961541e-05,9.349922372987464,6.690248167011305,0.16632866598956753,0.159774625004502
2.05,2.2499999999999982,2.2809220342858287,4.356755337832325,0.007293903984006533,4.349461433848319,0.5975163749972126,0.057627749993116595,0.060882249992573634
3.3,3.818416460169653,3.9995727159799563,22.17816168213679,0.21804943684865918,21.96011224528813,0.7601266669953475,0.07999833300709724,0.08364104198699351
4.55,4.714213299053748,5.284622523935849,30.017154232557488,1.0508805932570198,28.966273639300468,1.0255638749949867,0.08447266700386535,0.08858662500279024
5.8,5.151439261981119,6.197391933745116,33.268836587618054,2.526771375473473,30.74206521214458,1.066572958996403,0.087746082994272,0.09419116699427832
7.05,5.37733583497031,6.9592786899706125,34.97512206081075,4.799368539255937,30.17575352155481,1.2000890000053914,0.09465566699509509,0.10029495898925234
8.3,5.717343993625473,7.774783961390009,35.66771414289116,7.58655166361666,28.081162479274496,1.485596667000209,0.09364804199140053,0.10902241599978879
9.55,6.470316219126614,8.828514004392822,35.50490052766446,8.657496777234229,26.84740375043023,1.8018893339904025,0.09309537499211729,0.11633133400755469
10.8,7.059982269683204,9.837016890727654,35.43674969266277,10.06431114644323,25.37243854621954,1.8366802920063492,0.10129804100142792,0.12003383399860468
12.05,8.345075658568307,10.862857494722796,33.00017655057614,10.077342216856081,22.92283433372006,2.207599667002796,0.10010312499071006,0.10890329099493101
13.3,9.07795710016353,11.869484859624336,31.9298256473043,11.538382242189257,20.39144340511504,2.3249228750064503,0.10422937499242835,0.12413029199524317
14.55,10.038925037352488,13.061279824120188,31.557835373035147,11.238247458190884,20.319587914844263,2.4907457919907756,0.10827383300056681,0.12449137499788776
15.8,11.029781735240547,14.110245338678762,30.210179825980063,11.433607036034772,18.77657278994529,2.8749468330061063,0.11288937499921303,0.13645966599870007
17.05,12.418995095043357,15.28244594186252,29.29907676724146,9.588924842645739,19.71015192459572,2.9254844590032008,0.13311737499316223,0.14594341699557845
18.3,13.213285972460284,16.46969540238072,29.117965410971138,10.110448486967655,19.007516924003482,3.203373874988756,0.13553220800531562,0.1580494169902522
19.55,14.179721638146,17.519891349321433,28.665986816317115,9.691462098184658,18.974524718132457,3.107741082989378,0.13713791700138245,0.14659287499671336
20.8,14.974191987009128,18.725498383737822,28.793368642752284,10.000290012681788,18.793078630070497,3.4795278329984285,0.14435820899961982,0.1506816670007538
22.05,15.499535830181024,19.7185587156374,28.649416057885006,10.831061139257685,17.81835491862732,3.7757129579986213,0.1499136669881409,0.1555620419967454
23.3,16.48097701394339,20.775010146715292,27.876437106864017,10.612157754247917,17.2642793526161,3.7687272499897517,0.15006983300554566,0.15791937499307096
24.55,17.190437990669924,21.784374152150523,27.411860666595715,10.995225683066181,16.416634983529534,4.1762942079949426,0.16014833400549833,0.16472899999644142
25.8,18.44581491295881,22.746679462744158,25.56615819002228,10.347660005623169,15.21849818439911,4.350967457998195,0.16221966600278392,0.16629137498966884
27.05,19.242526202064774,23.692684892223042,24.370284150114387,10.61220319392622,13.758080956188167,4.199961332997191,0.16155704199627507,0.17002970799512696
28.3,21.1740835701911,24.685442547309556,21.53280257939194,8.242554800418745,13.290247778973196,4.779897415995947,0.16926112500368617,0.1762647910072701
29.55,22.781048466128503,25.91371983840597,20.43534168788527,6.865872522991012,13.569469164894258,5.0256905839924,0.18477100000018254,0.18310162499255966
30.8,24.49536694236871,26.77175463317327,17.086684389366155,4.826228110337894,12.260456279028261,5.238702292001108,0.18797729200741742,0.1875692089961376
32.05,24.89572242026688,27.69468546715104,17.194667982903127,5.77996851741986,11.414699465483267,5.514236708011595,0.18751845898805186,0.1841054999968037
33.3,26.561761447903287,28.79479261762186,15.358803415883898,4.349508266229861,11.009295149654037,6.192382374996669,0.18242924999503884,0.1908183750056196
34.55,27.716405683196093,29.89407693392086,14.842705452923497,4.010961007427596,10.8317444454959,5.674386166996555,0.18044125000596978,0.18997712500276975
35.8,29.10347808262526,30.944570325948884,13.675581845505405,3.227536716663991,10.448045128841414,5.964076250005746,0.1811120420024963,0.19182445800106507
37.05,30.60871579201742,31.926848751512715,11.832945290969008,2.1964501869797175,9.63649510398929,5.906686999995145,0.1777563750074478,0.1887985409994144
38.3,31.854610982247216,33.04280155508996,11.67444804021585,1.8780997121813812,9.796348328034469,6.349021375004668,0.17347766600141767,0.1734632920124568
39.0,33.55942931065111,33.559429310651225,9.349908559294391,-1.3813693072961541e-05,9.349922372987464,6.781565083001624,0.16817745799198747,0.1608722920063883
2.05,2.2499999999999982,2.2809220342858287,4.356755337832325,0.007293903984006533,4.349461433848319,0.5945142079872312,0.05864166599349119,0.060892292007338256
3.3,2.7898277432131686,3.2910865812956462,24.697262384587347,1.1183171241839034,23.578945260403444,0.7697025420056889,0.06520408399228472,0.06848862499464303
4.55,3.532230913805774,4.339804559742722,31.52926025439011,2.3299516219490357,29.199308632441074,0.8950829160021385,0.07996058299613651,0.07573112500540446
5.8,4.074075783568031,5.4764719239764705,34.09619012713874,5.130016770791599,28.96617335634714,1.0306990000099177,0.08794474999012891,0.08397712500300258
7.05,4.878625183145598,6.530933544884686,35.346320930185314,5.771821255178935,29.57449967500638,1.2886752919876017,0.0917089160066098,0.09940604199073277
8.3,5.751762075570383,7.726027395362029,35.980045506230056,6.4848709412303265,29.49517456499973,1.3564412920095492,0.08953762499731965,0.10037554100563284
9.55,6.415706904379658,8.83130214440204,36.23278024313163,7.8871621395750395,28.34561810355659,1.3476003750110976,0.09359495800163131,0.1195415830006823
10.8,6.803503229351603,9.80608631078073,36.083473193665924,10.595875142275915,25.48759805139001,1.6408362920046784,0.09923670800344553,0.11165387499204371
12.05,7.028008957294253,10.775047818676835,35.72737139293159,14.825924310257292,20.901447082674295,1.9048345830087783,0.09698079100053292,0.11639233399182558
13.3,7.521982481172906,11.854393826757658,35.29260140486585,17.14352189707114,18.14907950779471,2.1799451249971753,0.105830500004231,0.1267717500013532
14.55,10.050093773257196,13.078282293228298,31.873960759469085,10.993779140557493,20.880181618911593,2.5929172499891138,0.11093708299449645,0.12394616699020844
15.8,10.956650195365217,13.965518185186951,30.469772883311194,11.283739345828266,19.186033537482928,2.944411541990121,0.11181225000473205,0.13371900000493042
17.05,11.852495896940656,14.94561971887966,28.645282544141892,11.867416149769582,16.77786639437231,3.1121489579963963,0.12104883299616631,0.13579749999917112
18.3,12.59213636664403,15.9240195757286,28.144964464862,12.311433011282617,15.833531453579383,3.2495926249976037,0.1315179170051124,0.15051308300462551
19.55,13.219410696953926,17.01090651652659,28.023745332013917,13.126601708489105,14.897143623524812,4.150537749999785,0.13634687499143183,0.1729927080014022
20.8,14.297918723625216,18.016791168429275,25.971081674884672,13.033809904099044,12.937271770785628,3.984262250000029,0.14437329200154636,0.1728885420016013
22.05,15.72615686353323,18.97684304063939,24.225849842994393,10.909984290618013,13.31586555237638,4.036338000005344,0.15328358300030231,0.1728398749983171
23.3,16.175453645263,20.025885729442944,25.513283669177284,11.629863460166163,13.88342020901112,3.6448066250013653,0.14887516699673142,0.16411066699947696
24.55,16.797449766090427,21.090799859723933,25.446782730834315,12.25936234050289,13.187420390331425,4.082088625000324,0.15170225000474602,0.168103499992867
25.8,18.088586883301012,22.214062125569736,24.372374983352415,11.116635547001124,13.255739436351291,4.255365500008338,0.15992408299644012,0.1692479170014849
27.05,18.83799340320852,23.26764477067385,23.928258856718386,11.373134168103931,12.555124688614455,4.953518207999878,0.1642808330070693,0.17488066699297633
28.3,19.716882251138696,24.402520231645884,23.844794098466508,11.270433378780865,12.574360719685643,5.404983166998136,0.16872516699368134,0.17891641599999275
29.55,21.241833305856225,25.47384264690107,22.092430404807814,9.829222722877816,12.263207681929998,5.034429792009178,0.17126516700955108,0.18040066699904855
30.8,22.586176301074744,26.501005719275586,20.2115269355602,8.767372569123879,11.444154366436322,6.293015333998483,0.18760204200225417,0.18844512499345
32.05,24.460528692385985,27.790455891038807,19.598960458767465,6.845423695813594,12.753536762953871,5.468532375001814,0.1891398330044467,0.19022620799660217
33.3,26.090361209738333,28.804702272502578,17.393775157258446,5.313585839392957,12.08018931786549,5.733240917004878,0.1887745419953717,0.18940141699567903
34.55,27.76380960683155,29.93674849310574,15.896386112744523,3.967283122685899,11.929102990058624,6.5039349169965135,0.18468654199386947,0.19703320899861865
35.8,28.952926306843608,30.92404859956093,14.184255985202299,3.4706728487220744,10.713583136480224,6.514355542007252,0.18685520900180563,0.19960424999590032
37.05,30.052979195655226,31.950697990049676,13.611342492408767,3.194115544431554,10.417226947977213,6.195674125003279,0.18162283299898263,0.19475370801228564
38.3,31.118585777981906,32.976970997707085,12.578799744022007,2.981115983655201,9.597683760366806,6.570582500004093,0.17311804099881556,0.1740055830014171
39.0,33.55942931065111,33.559429310651225,9.349908559294391,-1.3813693072961541e-05,9.349922372987464,6.668353917004424,0.16534829200827517,0.1575882090110099
2.05,2.2499999999999982,2.2809220342858287,4.356755337832325,0.007293903984006533,4.349461433848319,0.5837691659980919,0.057297624996863306,0.06062658299924806
3.3,3.95874255765531,4.098558284066494,23.09959730010459,0.16902909753849826,22.930568202566093,0.7997765000036452,0.07860704199993052,0.08232391599449329
4.55,4.57883862757919,4.953325620865852,30.88603632827669,0.7003171715951026,30.185719156681586,0.8440635839942843,0.08229716699861456,0.08762604200455826
5.8,5.739615186750751,6.415590740406988,33.37991181062938,1.3408485295963146,32.039063281033066,1.0618723749939818,0.08899162500165403,0.09941495899693109
7.05,6.2450709549122045,7.225538590172493,35.30668530772391,2.1533508086212123,33.1533344991027,1.127735665999353,0.09308504199725576,0.09733049999340437
8.3,6.806466206002763,8.220169552481332,35.806522551449945,3.3390885274892383,32.467434023960706,1.507541749990196,0.09846862500126008,0.10246374999405816
9.55,7.631813157613198,9.401884980567667,36.0853304405496,4.155353571874016,31.92997686867558,1.5608582080021733,0.09476208299747668,0.1004628750088159
10.8,8.46455168065792,10.537186823934999,36.155106043644906,4.7767139639059195,31.378392079738987,1.8247740840015467,0.10345783400407527,0.11652233300264925
12.05,9.70781878382795,11.532451393499562,35.45427352440181,4.103062897596772,31.35121062680504,2.0419085419998737,0.10881404198880773,0.11572037500445731
13.3,10.08526364951916,12.345747416112637,34.910143336670984,5.4394581780767055,29.47068515859428,2.2816847500071162,0.11156954200123437,0.1239304170012474
14.55,11.232287351313566,13.3651053905355,33.859264602992226,5.103305394303433,28.755959208688793,2.4252953749964945,0.11806654199608602,0.12355104200833011
15.8,11.822361304866662,14.355937135681701,33.353535778197966,6.124762928249126,27.22877284994884,2.4180959590012208,0.1275305000017397,0.12873012499767356
17.05,12.618069647442097,15.413614017662939,32.5906078873261,6.774140647066346,25.816467240259755,2.967610332998447,0.13690399999904912,0.13662775000557303
18.3,13.624291344410608,16.498486595404913,31.28057302777654,7.143988354345652,24.13658467343089,3.0066471669997554,0.12618712500261609,0.13305233301070984
19.55,14.691768774850937,17.5797888570522,30.36450665300812,7.0155418333882125,23.34896481961991,3.033819375006715,0.12539754099270795,0.1374284999910742
20.8,15.299447303939413,18.704814842324893,30.538795916216074,7.737658140866387,22.801137775349687,3.3375217499997234,0.12862075000884943,0.14270724999369122
22.05,16.79317619095474,19.873950597713023,28.892345995284074,6.9604625697840135,21.93188342550006,3.5914270829962334,0.14143516699550673,0.16534583299653605
23.3,18.214001483915563,20.81372038497001,26.042891514450275,6.30548626057049,19.737405253879786,3.7573890830099117,0.1492517920123646,0.179789375004475
24.55,19.145935310397814,21.840965052288304,24.921313242349157,6.471330523038915,18.449982719310242,3.80378612500499,0.1495908750075614,0.15512920799665153
25.8,20.017364370486884,22.752367685042394,23.69630955881462,6.552407100250846,17.143902458563772,4.209414333003224,0.15424620801059064,0.15930266700161155
27.05,21.27832745948568,23.831202124169117,22.134615874436633,5.977109025354196,16.157506849082438,4.369809666008223,0.15842500000144355,0.15943912501097657
28.3,22.11257173074855,24.906616904977653,21.90208815272925,6.237159657274276,15.664928495454973,4.845125249994453,0.16750145801051985,0.1725171669968404
29.55,23.253946000279903,25.895924292594295,20.303096739486293,5.747545661517748,14.555551077968545,4.5590372500009835,0.17385791600099765,0.17269150000356603
30.8,24.57244978853647,26.905220159745138,18.57321321229584,4.878323150160284,13.694890062135556,5.0323864160018275,0.1835373750072904,0.1815915000042878
32.05,25.772123809823768,28.05568622502643,17.920551282747255,4.509944548328775,13.41060673441848,5.733026541987783,0.1931895839952631,0.18795274999865796
33.3,26.207904168464665,28.938632459714135,17.564413680163312,5.276825083812128,12.287588596351185,5.760085624991916,0.19324966699059587,0.19073091700556688
34.55,27.517254479915135,29.854327791659003,15.142704500769412,4.339682354616201,10.80302214615321,5.960158999994746,0.18240737500309478,0.1930349589965772
35.8,28.932958416674758,30.96319963322305,14.869941443766493,3.5598381718177166,11.310103271948776,5.624823625010322,0.1734377079992555,0.19049954200454522
37.05,30.312923565496146,31.996691374172354,13.190850010464487,2.811933201099521,10.378916809364966,6.204400665999856,0.17556262500875164,0.18920483300462365
38.3,31.789079100930678,32.999266637634236,11.502438132607523,1.9178019612194817,9.584636171388041,6.507105457989383,0.1677279170107795,0.16581224999390543
39.0,33.55942931065111,33.559429310651225,9.349908559294391,-1.3813693072961541e-05,9.349922372987464,6.583966499994858,0.16294633300276473,0.15678758300782647
2.05,2.2499999999999982,2.2809220342858287,4.356755337832325,0.007293903984006533,4.349461433848319,0.5771359999926062,0.05693970900028944,0.05843508298858069
3.3,3.9201984356984045,4.152389213714692,22.439307933212973,0.32170882395303124,22.11759910925994,0.8274836250056978,0.07864100000006147,0.08278612499998417
4.55,4.858543624407483,5.309773438812816,29.233562996571237,0.8185407152271722,28.415022281344065,1.0919740839890437,0.0874013339926023,0.09205283400660846
5.8,5.190849471984255,6.16312508514844,33.34099412293834,2.383508439576417,30.957485683361924,1.0543127920100233,0.08890958300617058,0.09570758399786428
7.05,6.1680257633332065,7.28067833827367,34.956980323637296,2.5759951732665343,32.38098515037076,1.1435509160073707,0.0850647079932969,0.09586699999636039
8.3,6.801528445872481,8.191912183163877,35.63759001070714,3.4655007718650523,32.17208923884209,1.4301384999998845,0.0886798749997979,0.09427420899737626
9.55,7.645581452656737,9.199521627468041,35.46598156669552,4.047511374540818,31.4184701921547,1.4706120829941938,0.09690466699248645,0.09834762501122896
10.8,8.033622926029702,10.114070161333085,35.57963758853201,5.6944043236903354,29.885233264841673,1.5776874169969233,0.1003331249958137,0.11337783400085755
12.05,8.964252191249258,11.161449622802765,34.64722078683705,6.339221604207609,28.307999182629445,1.8218784579948988,0.10425012500490993,0.12228874998982064
13.3,9.662454465798792,12.320096659092677,34.40539532420584,7.440700399267996,26.964694924937845,2.1926099169941153,0.10690445800719317,0.12051420900388621
14.55,10.781952407749094,13.573169341964995,33.63625555319922,7.449555557864187,26.186699995335033,2.6240119579888415,0.11208150000311434,0.1258391669980483
15.8,11.015510623629648,14.422951373593175,33.29914408592731,9.42604235210743,23.87310173381988,2.857752541996888,0.11349866600357927,0.13669641700107604
17.05,11.842035792720619,15.508523059176184,32.242796483894026,10.366061177219422,21.876735306674604,2.9752569580014097,0.1252494999935152,0.1400828340119915
18.3,12.402342837555587,16.393537318948262,31.54087159271137,11.480489178820875,20.060382413890494,3.1330278329987777,0.13084529200568795,0.15484654100146145
19.55,13.27456501110682,17.254224050507844,30.057798975979296,11.866112067099095,18.1916869088802,3.1092571249901084,0.13361470800009556,0.14453595801023766
20.8,14.16027739335687,18.417500819911933,29.34563730274637,12.112020193910396,17.233617108835972,3.4323212079907535,0.13920933300687466,0.14841979199263733
22.05,15.818566046487389,19.47602240752029,26.393595438895687,10.64123810930434,15.752357329591348,3.9067832920118235,0.1481728750077309,0.15822816599393263
23.3,16.31954148490487,20.475310688887774,26.53904256321927,11.446823635064476,15.092218928154793,4.172658417010098,0.1557019999891054,0.16619945800630376
24.55,17.810250093580297,21.576652310220137,25.40684690925073,9.784629274153957,15.622217635096774,4.553344290994573,0.16770237499440555,0.1757156250096159
25.8,19.21272720062519,22.69139914231908,24.465023488244142,8.508321477716208,15.956702010527934,4.710636957999668,0.16903070898842998,0.17378683300921693
27.05,19.9155420771929,23.764822010838916,24.304916014542812,8.967365412057092,15.33755060248572,5.620587666999199,0.17064016600488685,0.1790862920024665
28.3,20.844846172625417,24.69263752087882,23.52285295946136,8.718650438460614,14.804202521000747,5.415018500003498,0.17141641600755975,0.1786536250001518
29.55,21.671073393719418,25.68498808091749,22.679061789302025,8.860768248695123,13.818293540606902,5.024303124999278,0.1713210839952808,0.17999920800502878
30.8,22.167390585607507,26.68136196229496,22.047519196905654,9.71664561809726,12.330873578808394,5.732364249997772,0.17695616598939523,0.18502466700738296
32.05,23.25683940713894,27.7490685957748,21.002728496328672,9.30978644539772,11.692942050930952,5.369637000010698,0.18140983300691005,0.1896500000002561
33.3,25.358977945586524,28.77863314879634,17.89787210534304,6.789887200809787,11.107984904533254,5.90374070800317,0.18939145799959078,0.19061241700546816
34.55,26.128108485547003,29.75745792643649,17.536975437676546,6.939890815759497,10.597084621917048,5.963205082996865,0.1979460839938838,0.19850395900721196
35.8,27.56794244206862,30.79928846415014,15.822963645933214,5.816981738463937,10.005981907469277,6.4068284170061816,0.19491474999813363,0.2011232079967158
37.05,29.6711993525509,31.816135936974653,13.116108363557828,3.6527113170909047,9.463397046466923,6.325181292006164,0.1794389579881681,0.19019362499238923
38.3,31.108572562842028,32.98150354552223,12.60708004886871,3.0039535749699837,9.603126473898726,6.054646000004141,0.1707595829939237,0.17195429099956527
39.0,33.55942931065111,33.559429310651225,9.349908559294391,-1.3813693072961541e-05,9.349922372987464,6.717227333996561,0.16641970799537376,0.16112129100656603
2.05,2.2499999999999982,2.2809220342858287,4.356755337832325,0.007293903984006533,4.349461433848319,0.5933914579945849,0.05735716699564364,0.06084000000555534
3.3,2.917912735302168,3.275747330895669,24.442307866716533,0.7718451094857386,23.670462757230794,0.6600576249911683,0.06397745800495613,0.06761233300494496
4.55,4.042295692762652,4.718441565452066,29.726350627007207,1.5672591732868142,28.159091453720393,0.8116516669979319,0.07854804198723286,0.07888370800355915
5.8,5.507713697056856,6.262886310163509,33.004248430335096,1.5288861573989152,31.47536227293618,0.9348543329979293,0.08811091599636711,0.09163624999928288
7.05,5.839534926605652,6.9610330974468315,35.116270779468806,2.7665771630676232,32.34969361640118,1.157037583005149,0.08557645900873467,0.09525891700468492
8.3,5.971889906404695,7.6395828424582675,36.014265284298745,4.987956372657948,31.026308911640797,1.279053375008516,0.08687033399473876,0.0976585000025807
9.55,6.652515982719871,8.737542664273633,35.71588475277032,6.641355003502028,29.074529749268294,1.3319069169956492,0.08916883400524966,0.10456912498921156
10.8,7.445191784536865,9.875449358895928,35.68353934158043,7.394761432937344,28.288777908643084,1.5205770830070833,0.09395154200319666,0.11368574999505654
12.05,8.528201419633618,11.087618609787889,35.38843910016486,7.047836470501835,28.340602629663024,2.039282167010242,0.10980616700544488,0.1299110409891
13.3,9.032782641417572,12.060646968305344,34.95356210117886,8.802834527995614,26.150727573183246,2.2939639999967767,0.1114054589997977,0.13709033299528528
14.55,10.691223757679364,13.235363920773091,32.67628331056504,7.689384108082578,24.986899202482462,2.515353042006609,0.11370666699076537,0.136163207993377
15.8,11.255873924651947,14.061521246705272,31.13161898010216,9.427927282490899,21.703691697611262,2.6120097919920227,0.12328470899956301,0.12823512499744538
17.05,11.978651342509643,15.135865913788386,31.151525764296082,9.787615675137289,21.363910089158793,2.838591207997524,0.13038249999226537,0.14111275000323076
18.3,12.953938075950507,16.25882488185526,30.281814939819526,9.879848334733893,20.401966605085633,3.1350714169966523,0.12931829199078493,0.14548454199393746
19.55,13.323701052765166,17.20780110830198,29.558553928296107,11.829845869297216,17.72870805899889,3.111930625003879,0.13549425000383053,0.14361233400995843
20.8,14.298726253827791,18.12144104055693,27.035560539996908,12.365392697153055,14.670167842843853,3.757876249990659,0.1365437079948606,0.1483841669978574
22.05,15.318204217137424,19.20866521905456,25.7557114082464,12.197367478815451,13.558343929430947,3.4992271669907495,0.14508595899678767,0.16030416599824093
23.3,16.28827303816683,20.50286184872942,26.167636195941682,11.721076525901111,14.446559670040571,3.6704366670019226,0.14851216701208614,0.16212187499331776
24.55,16.928941323191214,21.579999509877606,26.06033536595156,12.265387400179534,13.794947965772025,4.192692834010813,0.15609395800856873,0.16782779099594336
25.8,18.571131569359835,22.716009463310975,24.62086393099497,10.31823473975598,14.302629191238992,4.3379494169930695,0.16367833300319035,0.17372429199167527
27.05,19.848158499925084,23.69708064122528,23.298635578448724,9.282292628686534,14.01634294976219,4.720138625008985,0.17163366700697225,0.1784837500017602
28.3,20.72861694614364,24.706239782681077,22.518723391222764,9.295090767684613,13.223632623538151,5.207594832987525,0.17873783299000934,0.1861159160034731
29.55,21.357246941772583,25.70885331148848,22.098873276851577,9.823144443395364,12.275728833456213,5.013242250002804,0.17735779100621585,0.18738595899776556
30.8,23.226013789234173,26.7216735428239,19.268708003319418,7.613887843645173,11.654820159674244,5.854750874990714,0.19252275000326335,0.19041999999899417
32.05,25.144131834834262,27.70129308899699,17.104241911999353,5.267206199964463,11.83703571203489,5.446528208005475,0.1934430419933051,0.1921523339988198
33.3,26.597909072169347,28.737092913479138,15.214956208054929,4.191563079200279,11.02339312885465,5.813405042004888,0.1838312500040047,0.19297966599697247
34.55,27.58218560054833,29.93704329373553,15.957592072787662,4.301592116562148,11.655999956225514,6.33588895900175,0.1830357080034446,0.1967872079985682
35.8,28.887460373881936,30.976323730477514,14.672353049789052,3.661729698438563,11.010623351350489,7.140264374989783,0.18536441600008402,0.20107987501251046
37.05,29.90834324035189,31.955233669667503,13.632352209119176,3.448665644865713,10.183686564253463,6.41082112499862,0.18070295799407177,0.19009529099275824
38.3,31.892342029119945,32.90797601534521,11.024335619715373,1.6171791274499583,9.407156492265415,6.874130958007299,0.17468054199707694,0.17310416701366194
39.0,33.55942931065111,33.559429310651225,9.349908559294391,-1.3813693072961541e-05,9.349922372987464,6.746239582993439,0.16567166699678637,0.15987425000639632
2.05,2.2499999999999982,2.2809220342858287,4.356755337832325,0.007293903984006533,4.349461433848319,0.5919184999947902,0.05785466700035613,0.06099779201031197
3.3,3.4994468444373705,3.6485969245251435,24.583087050401346,0.2336981856290805,24.349388864772266,0.8636333329923218,0.07624375000887085,0.08217020799929742
4.55,3.9171896597164886,4.572652907265079,30.89178615551009,1.6465734941968861,29.245212661313204,0.7895149999967543,0.07889212500595022,0.07467404199996963
5.8,4.511208890994341,5.456258436037352,34.61988448333706,2.6561879880549526,31.963696495282107,0.9142242079979042,0.08336333399347495,0.08669583300070371
7.05,5.2648369526800325,6.649117765669393,35.510336610479996,4.124351913136749,31.385984697343247,1.2311485829995945,0.08943408299819566,0.09430204100499395
8.3,6.188196768491767,7.825747219432112,35.634620455254066,5.0601170102456905,30.574503445008375,1.488342000011471,0.0902488749998156,0.10151974999462254
9.55,7.174271037457142,8.983627868522229,35.67914649920256,5.233815886888664,30.445330612313896,1.713579542003572,0.0955613340047421,0.11578841599111911
10.8,7.730501789300879,10.00944803633498,35.38660701863583,7.0475672014732424,28.339039817162586,1.9983852500008652,0.09611300000688061,0.11657337499491405
12.05,8.582231201466417,11.11253520744664,34.848435348182434,7.684841646840582,27.163593701341853,1.6853161249891855,0.1025419579964364,0.11957295899628662
13.3,9.451499609924277,12.102780864987752,33.04295637000456,9.135127453197654,23.907828916806906,2.3388528329960536,0.10338516700721812,0.12133866699878126
14.55,9.919482019357174,13.093248853987035,32.971637343424845,10.643055459620925,22.32858188380392,2.6133466659957776,0.10858149999694433,0.12347333300567698
15.8,11.502760986099222,14.271338282793021,30.966182861605986,9.064660306124054,21.901522555481932,2.610137625000789,0.12488283299899194,0.13193679199321195
17.05,12.358042743290305,15.335011384776918,30.51349576828774,9.199503312230533,21.313992456057207,2.9624512500013225,0.1285762089974014,0.14202679099980742
18.3,13.860253293502772,16.47291224574401,29.280742657523376,7.609766516903505,21.67097614061987,3.018931083002826,0.1321467919915449,0.13199870800599456
19.55,15.167221790189853,17.658147093800704,28.085978304325366,6.914861504468561,21.171116799856804,3.26532400000724,0.13982504198793322,0.13673054199898615
20.8,15.201355092381814,18.581555459091582,28.244064151256936,9.277272003816847,18.96679214744009,3.2636734999978216,0.13953349999792408,0.1446734579949407
22.05,15.516158825847198,19.48063453600447,28.03875883153468,10.761274167324316,17.277484664210363,3.5744742499955464,0.1420835419994546,0.14843474999361206
23.3,17.014558750490757,20.671637661332355,27.380977432387866,9.095376863497137,18.28560056889073,3.8823035419918597,0.1534759999922244,0.1591426670056535
24.55,17.88947103973758,21.528184134005137,25.67520924344913,9.287383899294667,16.387825344154464,3.821992750003119,0.15584583299641963,0.1617189169919584
25.8,18.488726682545604,22.6693509865113,26.252180806091502,9.819566283200714,16.432614522890788,4.516911583006731,0.1627187920094002,0.1689084169920534
27.05,19.9984644773389,23.796227897703456,24.55079622616597,8.695183994763156,15.855612231402816,4.989237125002546,0.1713860830059275,0.17464387499785516
28.3,21.293433303468433,24.806732989725393,21.812149008300878,8.118384473024065,13.693764535276813,5.276576292002574,0.17397850000998005,0.18174787498719525
29.55,22.033647292998843,25.767860019235233,20.954045286970313,8.425969128911248,12.528076158059065,5.572562332992675,0.18042654100281652,0.18434104199695867
30.8,22.752740887902696,26.707561294759504,20.50427088245314,8.636408260050388,11.867862622402754,6.01030012499541,0.18743937500403263,0.18741183300153352
32.05,24.125770790194522,27.66384410500662,18.64212448666828,7.470588465668641,11.171536020999639,5.4252472079970175,0.1903137089975644,0.1917557080014376
33.3,26.18977078053424,28.774568315728636,16.115662998665584,5.0669113685863465,11.048751630079238,6.065127541005495,0.18533729101181962,0.193606250002631
34.55,27.017061821314023,29.791409988032857,15.856764389225305,5.200762694762915,10.65600169446239,5.790518042005715,0.18007112499617506,0.1932835830084514
35.8,28.704860409847043,30.820518247891624,13.811054974215267,3.774824413253242,10.036230560962025,5.964622958010295,0.1773975830001291,0.19222708299639635
37.05,29.914324475420337,31.809109723980605,13.025871483048036,3.2370598541019433,9.788811628946092,6.367898416996468,0.1750966670078924,0.18423845800862182
38.3,30.84857120863378,32.93388228987705,13.009028722481162,3.373856660893807,9.635172061587355,6.3677353329985635,0.16725883299659472,0.16777724999701604
39.0,33.55942931065111,33.559429310651225,9.349908559294391,-1.3813693072961541e-05,9.349922372987464,6.615390916005708,0.16288608399918303,0.15718595799989998
2.05,2.2499999999999982,2.2809220342858287,4.356755337832325,0.007293903984006533,4.349461433848319,0.5796014160005143,0.05673054100770969,0.06016920799447689
3.3,3.149251015119063,3.57584418853872,23.09521677878128,0.7868687383500088,22.30834804043127,0.7057090419984888,0.0696633329935139,0.06132166700263042
4.55,3.7618933168619044,4.602803191269394,30.745041367016256,2.351159324564506,28.39388204245175,0.7903260000020964,0.07888349999848288,0.07482316700043157
5.8,4.992428695152073,5.878549629086717,33.631731329293885,2.148817471307865,31.48291385798602,0.9572824579954613,0.08783129201037809,0.09231904199987184
7.05,5.69221666807592,6.854732580971739,34.67713689177701,3.3369799213624844,31.340156970414526,1.1388734170031967,0.09069904100033455,0.09399595801369287
8.3,6.246777598688679,7.871873505811685,35.22539947725804,5.114078884324286,30.11132059293375,1.4439735409978312,0.0894239579938585,0.09873437500209548
9.55,6.764592931665165,8.764425937631733,35.611984719882514,6.592661142635549,29.019323577246965,1.3771956249984214,0.09231358399847522,0.11203833301260602
10.8,7.553396609947761,9.831689529390896,35.672608446580156,7.00127649535446,28.671331951225696,1.633087833004538,0.09412062499905005,0.11319987500610296
12.05,8.268014474005831,10.82935046837494,34.49392072163721,8.749081476719923,25.744839244917287,2.069400541993673,0.10076958399440628,0.12023179099196568
13.3,9.138876919988709,11.949374102002897,33.56253990441752,9.661292627021396,23.901247277396124,2.1992680419934914,0.10669029099517502,0.1234618330054218
14.55,9.716935758115795,13.037251851432222,33.25748896478093,11.046606364058832,22.2108826007221,2.549808124997071,0.1091824579925742,0.12429270800203085
15.8,11.154030955819733,14.239659993424475,31.83882530520215,9.740361661106121,22.09846364409603,2.608587250011624,0.1228442090068711,0.12898491699888837
17.05,12.055143934464205,15.334312735979127,31.380006585337895,9.751354428870997,21.6286521564669,3.20699320800486,0.12543849999201484,0.14081670799350832
18.3,12.893894710521248,16.473653048183497,31.043169236392515,9.95593398986108,21.087235246531435,3.7389705420064274,0.14078495898866095,0.1418339170049876
19.55,14.404495528199558,17.486790380185585,28.005378894197307,9.111916866546267,18.89346202765104,3.828606957991724,0.14717899999232031,0.1573834589944454
20.8,15.362618461686385,18.31696963879527,25.62446553281127,9.167940357538484,16.456525175272787,3.648796666006092,0.1517589580034837,0.1605803339916747
22.05,16.559524856022975,19.418080538396524,24.15369718342714,8.544687667815111,15.60900951561203,4.102966415986884,0.1544555830041645,0.1627950830006739
23.3,17.867503626229848,20.46858714164885,22.50006173277515,7.4631986915997715,15.03686304117538,4.416005708000739,0.165077083001961,0.17168841700186022
24.55,18.70628641273905,21.529125083598174,21.44273780635332,7.790503827880244,13.652233978473078,4.399542291008402,0.16238616600458045,0.16916925000259653
25.8,19.468672450406004,22.664983585042062,21.983998453111667,8.189588127623239,13.794410325488428,4.603589667007327,0.16485654099960811,0.17254729100386612
27.05,20.564653549103806,23.64292221932574,20.36346815542933,7.61773103374648,12.74573712168285,4.780083500008914,0.16551525000249967,0.17209937500592787
28.3,21.744171853729917,24.559229560806823,18.110713891503664,6.740571097941611,11.370142793562053,4.836121458007256,0.17938308301381767,0.17492225000751205
29.55,22.446331929128483,25.73106389341777,18.56754846579966,7.420234367011517,11.147314098788144,5.180375165989972,0.18586908400175162,0.18821379099972546
30.8,24.051445297461985,26.664825748181922,15.832823283169006,5.669476735293301,10.163346547875705,5.139659167005448,0.17841470798884984,0.18681520900281612
32.05,25.00924903976265,27.625190379754912,14.99745816843739,5.467016630279261,9.53044153815813,5.3003582500095945,0.18456370799685828,0.1905098330025794
33.3,25.58710039680247,28.647582050011568,15.286783698396363,6.095398860009993,9.19138483838637,5.26491579200956,0.18236741700093262,0.19196083399583586
34.55,27.33533333438386,29.64669138745511,13.276821466023705,4.373368543815275,8.90345292220843,5.912262166995788,0.1815234590030741,0.18778445800126065
35.8,28.86230733668506,30.730759284125245,12.223514614502648,3.3259028832056856,8.897611731296962,6.23705720801081,0.18079141600173898,0.19200724999245722
37.05,30.128772309674893,31.815576142932134,11.743822916647588,2.8397836892248165,8.904039227422771,6.773877707993961,0.18236262499704026,0.18901812499098014
38.3,31.53197022544164,32.81833781395007,10.733037032277622,2.0569119470089845,8.676125085268637,6.37941716700152,0.17215591701096855,0.16876591699838173
39.0,33.55942931065111,33.559429310651225,9.349908559294391,-1.3813693072961541e-05,9.349922372987464,6.592865874990821,0.16306283400626853,0.1576163750141859
2.05,2.2499999999999982,2.2809220342858287,4.356755337832325,0.007293903984006533,4.349461433848319,0.5802765419939533,0.05694116601080168,0.060490000003483146
3.3,3.260446616480077,3.5393465018607433,24.373362606895952,0.5101279228385494,23.863234684057403,0.6941591249924386,0.07357212499482557,0.06992954200541135
4.55,3.915631339418289,4.574573533570865,30.648089736820438,1.5970840749547364,29.0510056618657,0.8390328750101617,0.07848641699820291,0.07334170800459106
5.8,4.697619898786215,5.736935089799478,33.74373237894571,2.8403988195377394,30.90333355940797,0.8767754589935066,0.08505058399168774,0.09130125000956468
7.05,5.516338859321234,6.883274275836793,34.91734295149283,3.7548044884114233,31.162538463081404,1.177690333002829,0.08659474999876693,0.09173112499411218
8.3,6.036669502255287,7.996144557013127,35.410121157206504,5.973419981916393,29.43670117529011,1.2506336249934975,0.09135216601134744,0.10051020799437538
9.55,6.913880884244177,9.127032814669333,35.80001201340359,6.3863100198371825,29.413701993566406,1.4515173749969108,0.0938563750096364,0.11449462499876972
10.8,7.943078730204783,10.315033689061096,36.007427721488426,6.1847524180104045,29.82267530347802,1.7670432909944793,0.09710187499877065,0.11086087499279529
12.05,8.41024072499844,11.368866536907698,35.63178315856604,8.14068176689048,27.491101391675556,1.9294640839943895,0.10050425000372343,0.12222520798968617
13.3,9.103820715100962,12.05515292408323,34.01019955987729,9.673800517829022,24.33639904204827,1.965566917002434,0.108626874993206,0.12662375000945758
14.55,10.443728915885504,13.174464056269695,32.91915458182996,8.377765190224665,24.541389391605293,2.278874083989649,0.10897649999242276,0.13310504199762363
15.8,11.594057920006605,14.078348299862022,29.811271800699387,8.796265174209324,21.015006626490063,2.7487811659957515,0.12173675000667572,0.1376824590115575
17.05,12.494119809938642,15.093842380407192,28.604033613680826,9.089289936879226,19.5147436768016,2.8483760000090115,0.1254255830135662,0.14111133400001563
18.3,13.081742857646287,16.105442289195896,27.218677432319367,10.994668148612632,16.224009283706735,3.5049287089932477,0.13404554199951235,0.1573852079891367
19.55,14.094557117772911,17.11874649452476,25.90274929912738,10.687900797727337,15.214848501400041,3.4320412910019513,0.13616900000488386,0.16029962500033434
20.8,14.473245532809653,18.07216471044285,26.153099142648017,12.169206651685386,13.983892490962631,3.019255166989751,0.13882329199986998,0.16445679099706467
22.05,16.042366068925755,19.25431811104101,24.409729235579604,10.171905086929328,14.237824148650276,3.617955957990489,0.14860787498764694,0.15972166598658077
23.3,16.400754628000996,20.342873314361867,25.63387076247811,11.384277425119208,14.249593337358903,3.7597119589918293,0.15200858398748096,0.1664681670081336
24.55,17.448701901311942,21.54172777438008,25.96523138974257,10.611556342309214,15.353675047433356,4.124472458002856,0.15694758300378453,0.16373779199784622
25.8,18.350088123071245,22.574103749511362,24.58318330075204,10.798468413730376,13.784714887021664,4.655245458998252,0.15946325000550132,0.16892416699556634
27.05,20.246191417704537,23.602219783060697,22.024628009992156,8.327422756340368,13.697205253651788,4.683129875003942,0.1659220000001369,0.17355037499510217
28.3,21.4927951133497,24.708369862351944,21.492714994806363,7.489932042939813,14.00278295186655,5.2060250830109,0.17604970799584407,0.18374445800145622
29.55,22.145512966488702,25.68294107701286,21.107491590606017,7.953049969929239,13.154441620676778,5.16331266699126,0.17677237500902265,0.1828827500139596
30.8,22.69453274039202,26.768371432157156,22.314745094791746,8.524869611547345,13.789875483244401,4.929177416997845,0.17087120900396258,0.17906875000335276
32.05,23.949145336189225,27.673508717488403,19.87614362386347,7.75688882494569,12.11925479891778,4.832749749999493,0.1808012499968754,0.18028041700017639
33.3,26.012349639731802,28.864437914401904,17.98206211169287,5.555904988663855,12.426157123029014,5.542386417000671,0.19265050000103656,0.19140812499972526
34.55,26.409880743267173,29.768465887256635,17.646827570360344,6.395556895761146,11.251270674599198,6.143750625007669,0.19142370799090713,0.1944077080115676
35.8,27.70493389177878,30.81998131870819,16.230363242635235,5.620254189430312,10.610109053204923,5.922600874997443,0.18794895798782818,0.19876695900165942
37.05,29.779608747624884,31.8402837551908,13.765625714869117,3.5171073275181186,10.248518387350998,6.674834040997666,0.17295387500780635,0.1882305000035558
38.3,31.738862798577372,32.97697471958261,11.835178949994287,1.9755369503647557,9.859641999629531,6.5573247089923825,0.1666252080030972,0.16766145899600815
39.0,33.55942931065111,33.559429310651225,9.349908559294391,-1.3813693072961541e-05,9.349922372987464,6.623731500003487,0.16412412498902995,0.15783891700266395
2.05,2.2499999999999982,2.2809220342858287,4.356755337832325,0.007293903984006533,4.349461433848319,0.5793557920114836,0.05707691700081341,0.06018587500147987
3.3,3.3603827985932266,3.695846498905243,24.022708381626288,0.5722423716945855,23.450466009931702,0.7933526249980787,0.0746858750062529,0.07201491700834595
4.55,3.83435266499345,4.577235407313626,31.360171760195854,1.9151338042874357,29.44503795590842,0.8859319589973893,0.07944825000595301,0.0751912919949973
5.8,4.511340781095159,5.576510926044425,34.5763240758687,3.0595823009354604,31.516741774933237,0.8496370829961961,0.08456695900531486,0.08917487500002608
7.05,5.381237473464448,6.83614250821477,35.63849496251008,4.316363411393098,31.322131551116982,1.1648405830055708,0.09041816600074526,0.09523554200131912
8.3,5.839587600815516,7.815347556088814,36.10677401602311,6.43844732218335,29.66832669383976,1.5141787920001661,0.09172079199925065,0.10248254200269002
9.55,6.257604426316913,8.893506641588125,36.157936354257046,9.55764263511756,26.600293719139486,1.548459500001627,0.09157929099455941,0.1018997089995537
10.8,6.588511612140436,9.673922494612365,36.0720549546884,11.942773191948106,24.12928176274029,1.779693208009121,0.09930716700910125,0.1062854170013452
12.05,7.952719780472879,10.855547693270543,35.60865666755895,9.297564107926377,26.31109255963257,1.8540830830024788,0.101046583004063,0.12034208398836199
13.3,8.90215254974431,11.960061137268463,35.15515571665381,9.133991242586745,26.021164474067064,2.019915624987334,0.10353720799321309,0.12578766699880362
14.55,9.79758978972637,13.140280137944403,34.63200293724984,9.567122313213005,25.06488062403683,2.4507286669977475,0.11244833300588652,0.14285537500109058
15.8,10.779107760643743,14.025163679351015,33.09506478618799,9.814681215771202,23.280383570416788,2.9029002500028582,0.11911641700135078,0.13171325001167133
17.05,11.579772751238302,15.288093807380958,32.79467977066764,10.530399515611592,22.26428025505605,3.3716386250016512,0.1335198750020936,0.14915499999187887
18.3,13.01316448421706,16.31451524008079,30.32462850664092,9.917615237446029,20.40701326919489,3.2130814159900183,0.1390835829952266,0.1580502919969149
19.55,14.049070110430272,17.296116391533065,29.26434152799635,9.482513343654517,19.781828184341833,3.1097770829946967,0.13934545799565967,0.1439347080013249
20.8,15.781708776269134,18.41212385471568,26.88111045088489,7.589586003514341,19.29152444737055,3.4755317919916706,0.14676679199328646,0.1548084590031067
22.05,16.38727603887006,19.481019318215935,26.463854271755196,8.61016733957031,17.853686932184885,3.913853916004882,0.15398041599837597,0.1595320000051288
23.3,17.6085548568878,20.66412919837794,26.12629205523359,7.798727130345426,18.327564924888165,3.9502892500022426,0.1573195420060074,0.16317870900093112
24.55,18.761189298024707,21.738980582095376,25.577875102290434,7.213495834561513,18.36437926772892,4.39103937499749,0.15984687498712447,0.16589324999949895
25.8,19.65277713616866,22.678708804315313,24.31234713914222,7.281082587038554,17.031264552103664,4.3547350840090076,0.16187433300365228,0.16922166700533126
27.05,20.955238017875637,23.772488091038312,23.07939755051713,6.527127373375706,16.552270177141423,4.817750290996628,0.16494579099526163,0.17060637500253506
28.3,21.918411262619138,24.893329341833756,22.449276139242613,6.591187570539802,15.858088568702811,4.753980416004197,0.17243083399080206,0.17713104200083762
29.55,22.54183759127835,25.91759679288014,22.38759567296097,7.177972825661271,15.209622847299698,5.030397041991819,0.1722525829973165,0.17790679101017304
30.8,23.84824295124743,27.16885026214483,21.881267688721223,6.6341830105347555,15.247084678186468,5.807179249997716,0.18488950000028126,0.1842705839953851
32.05,24.661957229388847,28.079126679981094,20.397287193150788,6.765568840596899,13.63171835255389,5.097756583010778,0.18985554200480692,0.19102895799733233
33.3,25.79015943688993,29.035210328229173,18.446765079115295,6.2468860528817345,12.19987902623356,6.531231125001796,0.193951790992287,0.19428724999306723
34.55,26.706820664544896,29.977266386158327,17.400441688886744,6.070303966882065,11.330137722004679,5.579249542002799,0.19021916600468103,0.1920157919958001
35.8,28.548803003464997,30.9591722646968,14.96003245738126,4.229771280984096,10.730261176397164,6.142503915994894,0.1837540840060683,0.2003299999923911
37.05,29.89106249864529,31.90747177968561,13.331309537656466,3.405886341517771,9.925423196138695,6.967920249997405,0.17844591700122692,0.19112100001075305
38.3,31.86324810314169,32.92550912181199,11.066013569312474,1.6876038145561267,9.378409754756348,6.293426000003819,0.17009266599779949,0.17003641599148978
39.0,33.55942931065111,33.559429310651225,9.349908559294391,-1.3813693072961541e-05,9.349922372987464,6.6148895410005935,0.16280045799794607,0.15746837499318644
2.05,2.2499999999999982,2.2809220342858287,4.356755337832325,0.007293903984006533,4.349461433848319,0.5807505830016453,0.05711254199559335,0.060247458997764625
3.3,2.926343503100127,3.23886395014451,25.161290730948565,0.6115388670419577,24.549751863906607,0.7390447920042789,0.06538204099342693,0.07119229099771474
4.55,4.149779545005539,4.677108003879509,30.88049368425405,1.1870905250575277,29.69340315919652,0.805116999996244,0.08520699999644421,0.08568299999751616
5.8,4.801138574466792,5.632506274873076,34.43859173424825,2.11106169867125,32.327530035577,0.9366076669975882,0.0835482080001384,0.08894341699487995
7.05,5.384261231251712,6.795459167938003,35.25724266955493,4.095002999765498,31.16223966978943,1.2325742499961052,0.0865469580021454,0.09034591600357089
8.3,5.878585048480346,7.612507471249346,35.7662261389717,5.43894932346997,30.327276815501733,1.1823001250013476,0.08287062500312459,0.09281062500667758
9.55,6.904473232974777,8.805622196295884,35.511643328714115,5.862912005006166,29.64873132370795,1.2818244579975726,0.0908365410141414,0.11035770901071373
10.8,7.990420421265082,9.921462620301728,34.715759719006826,5.928940359441214,28.786819359565612,1.4230694589932682,0.0930785419914173,0.11364808300277218
12.05,8.963811666086567,11.058850413886262,34.3861028876257,6.137648634627453,28.248454252998243,1.8039207499969052,0.10258112500014249,0.12092362499970477
13.3,9.779008691225918,12.026728418516303,33.463598642720925,6.829422455764828,26.634176186956097,2.0478489170054672,0.10178395800176077,0.1216160000039963
14.55,10.094951261774266,13.000336786159036,33.28537796758934,8.989600912426226,24.295777055163114,2.3264546249993145,0.10398583300411701,0.13299279200145975
15.8,11.21776083113058,14.14799948811444,31.8659633277596,9.069901576828642,22.79606175093096,2.876400500012096,0.12083470901416149,0.125174375003553
17.05,12.021479842680879,15.137810522942203,30.87775236875555,9.741680795608332,21.13607157314722,3.2800897499982966,0.12348174999351613,0.13487945900124032
18.3,12.705784631627425,16.034206393612855,29.93204212555179,10.50526190762723,19.42678021792456,3.606022332998691,0.12377129199740011,0.14053679100470617
19.55,13.708070976490315,17.127486407137507,28.134793020116263,11.059285549422768,17.075507470693495,3.1538720000098692,0.13192370800243225,0.15814379099174403
20.8,14.954201365800579,18.239043574683954,27.24483640442206,9.875760863870042,17.369075540552018,3.3247993330005556,0.14119229100469965,0.14748691699060146
22.05,16.427085458857366,19.29488224915133,25.02280093348162,8.480109213630072,16.542691719851547,4.10339970899804,0.14608154199959245,0.15316625000559725
23.3,17.448209472017822,20.454744312197526,25.64857780344522,7.912822401652562,17.73575540179266,3.8311099170095986,0.14971562499704305,0.15648354099539574
24.55,18.63172675853033,21.60705752560793,24.696243087994347,7.493605434234766,17.20263765375958,4.285517333002645,0.15804395799932536,0.1640597079967847
25.8,20.198527053071196,22.672791300861828,23.027879326403507,6.018579553537933,17.009299772865575,4.552860249998048,0.15978245799487922,0.16298683400964364
27.05,21.34281792730382,23.722612012795466,21.94874819952821,5.592064154239054,16.356684045289157,4.501293958994211,0.16493937499762978,0.17012941600114573
28.3,22.14477783976016,24.742841799159958,20.95791139096424,5.9542295167612025,15.00368187420304,5.5576132079877425,0.17916662500647362,0.17655070799810346
29.55,22.967220537774892,25.707187164777693,20.461314552202737,6.064573193174198,14.396741359028539,4.65521358299884,0.17921016699983738,0.175297750000027
30.8,23.893100754251535,26.598562836698896,18.939417974990263,5.872978141641042,13.066439833349222,5.031834291992709,0.18022650000057183,0.18120712500240188
32.05,24.80428456809085,27.596035115972466,17.48204912354703,5.823227257022978,11.65882186652405,5.456066665996332,0.18748108399449848,0.18587545899208635
33.3,26.494844366692103,28.67032521709585,15.542861278597172,4.27793775245803,11.264923526139142,6.445869667004445,0.18026812499738298,0.18871100000978913
34.55,27.211452681139185,29.753302751518394,15.286796904863678,4.767553099127099,10.51924380573658,5.652346666000085,0.1807394170027692,0.19030920900695492
35.8,28.72545311706964,30.828918082826625,14.261604536115243,3.743104964511417,10.518499571603826,5.987553540995577,0.1807027500035474,0.19495520798955113
37.05,29.731926160493643,31.85916527636769,13.290608425843999,3.611386490880392,9.679221934963607,6.164987874988583,0.1806952079932671,0.19572649999463465
38.3,31.670116479308888,32.92494951395102,11.134566264040984,1.9956892664192765,9.138876997621708,6.3939938329858705,0.16992625000420958,0.16694224999810103
39.0,33.55942931065111,33.559429310651225,9.349908559294391,-1.3813693072961541e-05,9.349922372987464,6.607960458000889,0.16440337500534952,0.1577523750020191
2.05,2.2499999999999982,2.2809220342858287,4.356755337832325,0.007293903984006533,4.349461433848319,0.5788208750018384,0.05692337499931455,0.06013216699648183
3.3,2.9998429754889764,3.5274780045122083,23.419244072477724,1.0894447517934935,22.32979932068423,0.7395368330035126,0.06529808300547302,0.06955233299231622
4.55,4.0430905429571515,4.643443814450682,30.373625025843168,1.3820023337149792,28.99162269212819,0.8048458340053912,0.07995758300239686,0.08097191699198447
5.8,4.717379728771143,5.631551037310134,33.34023498761374,2.4139207508505365,30.926314236763204,0.8271287090028636,0.08295112500491086,0.08566945799975656
7.05,6.000551091766628,7.042324082613321,34.96187410294047,2.4355995554438294,32.52627454749664,1.0731103330035694,0.08246391599823255,0.09302783300518058
8.3,7.077315330968592,8.392802831916233,35.503475132738046,2.9287525632338287,32.57472256950422,1.3397817499935627,0.09516916699067224,0.09976820899464656
9.55,7.5512702514902905,9.238177901180796,36.098084663474594,3.949285713348985,32.14879895012561,1.312864833002095,0.09661258400592487,0.09992720799345989
10.8,8.247410734412803,10.227426065752116,34.928752566487915,5.530343496075361,29.398409070412555,1.6647395409963792,0.10033216599549633,0.1119581249949988
12.05,9.418272881604697,11.334502543549574,33.985556081144836,5.332220117556616,28.65333596358822,1.9261945830076002,0.10494812499382533,0.11750687500170898
13.3,10.150019709070094,12.418016684767123,33.69526774904003,6.225623749426788,27.46964399961324,2.5123351250076666,0.11114274999999907,0.12461812500259839
14.55,11.327272150883282,13.434304449324205,32.76693323933998,5.649774265168617,27.11715897417136,2.4920295830088435,0.1206817499914905,0.12497325000003912
15.8,11.870176785425143,14.482966875128024,32.48079906078068,6.940255108788662,25.54054395199202,2.569818417003262,0.12087979199714027,0.13338845899852458
17.05,13.324995565477135,15.59967050939457,31.267209553606207,5.7955587470918175,25.47165080651439,3.021726209000917,0.12714245800452773,0.13773483398836106
18.3,13.756924381539918,16.45358727127878,30.44299683853089,7.2248404718087045,23.218156366722184,3.464690166991204,0.13816991700150538,0.14807733400084544
19.55,14.204019239384007,17.46259974760561,29.88757988994726,8.80436908105004,21.08321080889722,3.6834624579933006,0.1435127089935122,0.146540041998378
20.8,14.944926176740928,18.55768608835949,30.330338483128628,8.794574935896463,21.535763547232165,3.5749283749901224,0.13911879100487567,0.15813108399743214
22.05,15.639199751685137,19.711352933712675,30.19795764665544,9.390020711111973,20.807936935543466,3.7752632500050822,0.14153829200949986,0.1660718750063097
23.3,16.87981421332548,20.847264810874478,29.0555013889102,8.973917493128752,20.08158389578145,3.8852589159942,0.15670949999184813,0.1625316669960739
24.55,18.385837332878538,21.985140101479193,27.152304304409483,8.137181263164535,19.015123041244948,4.447666374995606,0.16416204199776985,0.1706146669894224
25.8,19.75783363732247,22.99373406232776,25.5004351223252,7.277300534207143,18.223134588118057,4.586125999994692,0.16666166599316057,0.1740677079942543
27.05,20.83956446950396,23.957775084023613,24.24045428489515,6.9139531930698865,17.326501091825264,4.359040708994144,0.16700187500100583,0.1733347919944208
28.3,22.377763738889353,24.874386804178897,21.327009701396392,5.588416622048626,15.738593079347766,4.802000875002705,0.18081033299677074,0.17717762499523815
29.55,23.29139714553819,25.90200329245702,20.802350901834245,5.619595346888929,15.182755554945317,4.9970199590025,0.1820985000085784,0.18197558299289085
30.8,23.79184293888561,26.910907652362564,20.660228575231514,6.4754509274356735,14.18477764779584,5.381650374998571,0.1864682500017807,0.18598212499637157
32.05,25.445093882643043,27.874083948843495,18.2795888723993,4.87782374539205,13.401765127007252,5.374923124996712,0.1871075840026606,0.1862026250018971
33.3,26.38759893083496,28.904755812687256,18.15371094003234,4.851180413906519,13.302530526125821,5.251896957997815,0.18366787501145154,0.18280962501012255
34.55,27.75947535911522,29.901920945027424,16.216467131726773,3.9187728443966137,12.29769428733016,5.791852583002765,0.18804579100105911,0.19377141598670278
35.8,28.51316035182986,30.790480418085764,14.71020011798285,4.069659226553739,10.640540891429112,5.857924833995639,0.18289050000021234,0.19876045800629072
37.05,29.72561410870184,31.88502003620084,13.914485936304203,3.6636068978792196,10.250879038424983,6.759488374998909,0.17717116700077895,0.19511250000505242
38.3,31.629083405452814,33.00851332380829,12.039211866686003,2.1963469456514417,9.842864921034561,6.7594308749976335,0.1693593329982832,0.1708959999959916
39.0,33.55942931065111,33.559429310651225,9.349908559294391,-1.3813693072961541e-05,9.349922372987464,6.593947916990146,0.16471254199859686,0.15647425000497606
2.05,2.2499999999999982,2.2809220342858287,4.356755337832325,0.007293903984006533,4.349461433848319,0.5799114999972517,0.05710624999483116,0.06032270801370032
3.3,3.4608622644327975,3.716550603197395,23.681154532951723,0.43866664843712044,23.242487884514603,0.7015167909994489,0.08098966699617449,0.07630379199690651
4.55,4.267121350820792,4.759492752437471,30.35299030856217,1.0196513066232171,29.333339001938953,0.8870514159934828,0.08207537500129547,0.08850791701115668
5.8,4.838749134014057,5.864767365520627,33.4945855569494,2.6651439246271593,30.829441632322244,1.0446358749904903,0.08568483300041407,0.08984883400262333
7.05,5.766725907897107,6.91588746246797,35.19794818533549,2.8527403166111753,32.345207868724316,1.0701764590048697,0.08294666600704659,0.09448804100975394
8.3,6.55139116529262,8.014577624952352,35.880493719716924,3.6459236519360303,32.23457006778089,1.1951473750086734,0.08576733300287742,0.09918658300011884
9.55,7.083811485859027,8.992011894511183,36.1828337107832,5.011780985492734,31.171052725290465,1.3005883330042707,0.0910346250020666,0.11156591698818374
10.8,7.653055337993924,10.06350624917486,36.0220481598336,6.556409730981002,29.4656384288526,1.6210342910053441,0.09846599999582395,0.11999616700632032
12.05,9.040995269151896,11.169946609321105,35.242822949186916,5.56219149821375,29.680631450973166,2.3989360420091543,0.10562520899111405,0.11709749999863561
13.3,9.921460488178429,12.388283095922187,35.27053449096047,5.928856180198466,29.341678310762006,2.4086063750000903,0.10901949999970384,0.12195404199883342
14.55,9.955871563349284,13.094546976620027,34.71587848019547,8.53230166893674,26.18357681125873,2.6347165829938604,0.11113495800236706,0.1282504160044482
15.8,11.146301485802118,14.165066263142238,32.88565382940273,8.706345008713456,24.179308820689272,2.703885666996939,0.12145462499756832,0.13927691700519063
17.05,12.082095280013245,15.40077239132568,32.808634265517654,8.670458797123771,24.138175468393882,2.814320999998017,0.1258049579919316,0.14171262498712167
18.3,12.82254587029119,16.406280009306546,32.6276068051273,8.813394598812962,23.814212206314338,3.038395915995352,0.12778662500204518,0.1381284590024734
19.55,14.207099110731392,17.36060707715393,30.51370382394022,8.151329407227195,22.362374416713024,3.0181227499997476,0.13176512499921955,0.13855079100176226
20.8,15.367604156933602,18.468515864172765,29.824741514262342,7.592362122483621,22.23237939177872,3.4532075409952085,0.1328410830028588,0.1447292499942705
22.05,16.45891375513976,19.5279594023282,28.293679160943327,7.655393310006843,20.638285850936484,3.508114582989947,0.14609241700964049,0.14793074999761302
23.3,17.311494699808044,20.78453604878258,28.227592443978693,8.054335137679786,20.173257306298908,4.138317457996891,0.15224450000096112,0.16053083300357684
24.55,18.02254984237647,21.78294331690831,26.930102042288013,8.851157971194937,18.078944071093076,4.229390958003933,0.15452216600533575,0.1609612920001382
25.8,19.275421316646785,22.638965833491646,23.94068581256657,8.343556060211952,15.597129752354618,4.127250208010082,0.15848954099055845,0.1662543749989709
27.05,20.37831600945188,23.600772544984256,22.40000623730009,7.8686726217773355,14.531333615522755,4.21778379099851,0.16231387500010896,0.1697321660030866
28.3,21.268547505096144,24.661452943135124,22.165723516872433,7.846645608821731,14.319077908050701,4.644436332993791,0.16688637499464676,0.1737521250033751
29.55,22.258584973677067,25.65385225487034,21.11844014673349,7.606339152753264,13.512100993980226,4.903112500003772,0.1733990420034388,0.17710904199338984
30.8,22.863460861823295,26.85163395407272,22.176853893586994,8.280942141229431,13.895911752357563,4.600678000002517,0.1699202079907991,0.17774145799921826
32.05,24.176160767426943,27.93561452259395,21.0676299703521,7.4991392015330405,13.56849076881906,5.198397583008045,0.17806445799942594,0.18206999999529216
33.3,25.502080226217863,29.033451103658567,19.360634661346168,6.790192400032836,12.570442261313332,5.563107457986916,0.1856869170005666,0.1899182499910239
34.55,26.64757605046374,30.138811015096834,18.1726453955728,6.405593061705332,11.767052333867468,5.885889209006564,0.1921632919984404,0.19564504199661314
35.8,27.743250260378648,31.027879380160655,17.067405243113967,5.834448977975796,11.23295626513817,5.931707291994826,0.18701608300034422,0.1937072500004433
37.05,29.4219580241749,32.12908338169496,15.541124811624996,4.498802656480933,11.042322155144063,6.244548582995776,0.18330891699588392,0.1898704579944024
38.3,31.281720301648026,33.06253287837031,12.874128509840432,2.8383033969181497,10.035825112922282,6.3080650420015445,0.16924016599659808,0.16634312500536907
39.0,33.55942931065111,33.559429310651225,9.349908559294391,-1.3813693072961541e-05,9.349922372987464,6.746209832999739,0.1665167910105083,0.16124449999188073
2.05,2.2499999999999982,2.2809220342858287,4.356755337832325,0.007293903984006533,4.349461433848319,0.5939548750029644,0.05827783400309272,0.061711375004961155
3.3,2.5270008012661007,3.015617699530436,25.461893742592224,1.250882735029279,24.211011007562945,0.6870032910082955,0.057574708000174724,0.0767521669913549
4.55,3.620076278258965,4.373420799877902,30.992800770031863,2.106786067683686,28.886014702348177,0.7755966250115307,0.0773135839990573,0.07289662500261329
5.8,4.872500133385293,5.711830968026984,34.189001040392824,2.153816324692386,32.03518471570044,1.0269280830107164,0.08615808300965,0.09140537500206847
7.05,5.3293302599897014,6.644572808014134,35.44316909013094,3.830439595274001,31.612729494856936,1.0734995000093477,0.08747675000631716,0.09320350000052713
8.3,5.61803750684467,7.683733056133841,35.772295681294935,7.289661035573332,28.482634645721603,1.3918868339969777,0.09424912498798221,0.09778862500388641
9.55,6.767445806048073,8.86085936977029,36.02018782800155,6.162578429750397,29.857609398251157,1.5944103749934584,0.09313595900312066,0.1143339999980526
10.8,7.577279275715776,9.906675769387881,34.57145494507708,8.281947973534542,26.289506971542536,2.129732999994303,0.09586583300551865,0.11616708300425671
12.05,8.419989880921296,11.052853718144496,34.58337200885022,8.54324525318252,26.0401267556677,1.8885352919896832,0.09724945800553542,0.12124954200407956
13.3,9.200496602540182,12.210681901644767,34.143188530314646,9.39284006806075,24.750348462253896,2.3649250000016764,0.10331162500369828,0.12362379200931173
14.55,10.27413618894371,13.251375364551976,33.36294152073184,8.850564083278499,24.51237743745334,2.6821408749965485,0.10731391698936932,0.1332423339918023
15.8,10.777498438236801,14.204611005261246,32.36498854091974,10.804659985283976,21.560328555635763,2.8853825420083012,0.11427908300538547,0.13374933299201075
17.05,11.545016727639744,15.07350141105873,30.831547071778715,11.772510000768804,19.05903707100991,2.847279166991939,0.12370208300126251,0.1412771659961436
18.3,12.462418008364377,16.230203168580065,30.72850196176421,11.324941857447811,19.403560104316398,2.999290250008926,0.1310026670107618,0.15080404200125486
19.55,13.16401901871124,17.12838539366744,29.556369144209484,12.185263170853773,17.37110597335571,3.223234457997023,0.13290199999755714,0.15453074999095406
20.8,14.42120597481706,18.123640072248985,28.099626152587916,11.04285981293269,17.056766339655226,3.4527740000048652,0.1295292909926502,0.14262462500482798
22.05,15.171101958709768,19.113318229656848,27.661355073916383,11.313609014388135,16.347746059528248,3.2242448329925537,0.1424457090033684,0.15159279201179743
23.3,16.321723177796777,20.165895277135537,26.744398294845638,10.517875801746357,16.22652249309928,3.58777620899491,0.14779979099694174,0.15373683300276753
24.55,17.5175285021913,21.140064179861714,24.73576264250073,9.958917623932024,14.776845018568707,3.981718292008736,0.15182487499259878,0.15749512499314733
25.8,18.41450889735097,22.196993410053274,23.338138133519564,10.238371152828776,13.099766980690788,4.153344791004201,0.15795287500077393,0.16765225000563078
27.05,19.328157218040715,23.23812288567814,22.091358409936177,10.297911991609013,11.793446418327164,4.385280834001605,0.16851433299598284,0.18296212499262765
28.3,20.833057052263083,24.328783219996353,20.429611276192105,8.710192055543075,11.71941922064903,4.88477479199355,0.17389745800755918,0.18180112501431722
29.55,21.2140782562821,25.230189628445633,19.537303679918566,9.87077025482266,9.666533425095906,5.053734375003842,0.17818233300931752,0.18975454199244268
30.8,22.45094164510685,26.42968821210634,18.94160442187949,9.084627153382868,9.856977268496621,5.714913333998993,0.1863635420013452,0.18371941598888952
32.05,23.990796227673755,27.717785287784356,19.434560222892856,7.7804809676982245,11.654079255194631,5.567584250005893,0.1916731660021469,0.19015058300283272
33.3,26.037710158732544,28.8998456893209,17.319889980886188,5.552584533781982,11.767305447104206,6.154122749998351,0.199460417003138,0.19837512499361765
34.55,26.884862917517964,30.103246088593608,17.697460228398626,5.9141016851597215,11.783358543238904,6.96980987500865,0.20186050000484101,0.20237975000054576
35.8,28.475284737713565,31.124948080580936,15.981222574207123,4.5868862072514105,11.394336366955713,6.156885584001429,0.19366704100684728,0.20109262500773184
37.05,29.731821601034774,32.054599563799925,14.51988217115246,3.878954350070728,10.640927821081732,6.098120958995423,0.1805713750072755,0.1937131250015227
38.3,31.522935508531184,32.910437976217416,11.626902830739226,2.2228853741431465,9.40401745659608,6.322326749999775,0.17320845799986273,0.17304904200136662
39.0,33.55942931065111,33.559429310651225,9.349908559294391,-1.3813693072961541e-05,9.349922372987464,6.771823791990755,0.16767641600745264,0.15911729099752847
2.05,2.2499999999999982,2.2809220342858287,4.356755337832325,0.007293903984006533,4.349461433848319,0.5933816250035306,0.058371457998873666,0.06153841699415352
3.3,2.9068393574775655,3.435809908737461,23.800851645111763,1.1450479506266475,22.655803694485115,0.6835530410025967,0.06473404199641664,0.06948641699273139
4.55,3.6830626104973936,4.520545560843613,31.000824772860568,2.299159238709308,28.70166553415126,0.838921875008964,0.07898979200399481,0.07603874999040272
5.8,4.655705803756678,5.616362919546274,33.76064482057954,2.5869314091930136,31.17371341138653,0.9096969160018489,0.0872166670014849,0.09112024999922141
7.05,5.267063021968321,6.744665479859338,35.101130217596165,4.416563669115206,30.68456654848096,1.127737333998084,0.09146570799930487,0.09450262499740347
8.3,5.808343426900443,7.673079987420457,35.87225216757179,5.888812464229019,29.983439703342768,1.2636222080036532,0.08663745799276512,0.09544066600210499
9.55,6.160877168120026,8.596167577729538,35.673792943414426,9.42224616078019,26.251546782634236,1.5762927089963341,0.08974195900373161,0.09607079198758584
10.8,7.150293410369002,9.63876780738715,34.61802340924797,10.028961277226102,24.589062132021866,1.6155157089960994,0.10906966599577572,0.12342829199042171
12.05,8.291512436310004,10.935008827899795,33.758759901390974,9.81870354851506,23.940056352875914,1.9589884580054786,0.10403979099646676,0.11382758400577586
13.3,9.458265027848935,12.045336786533834,32.53817057232172,9.282384600860183,23.255785971461535,2.2709184999985155,0.10988895800255705,0.1287773749936605
14.55,10.289159132825844,13.072774665388332,31.52148931619101,10.082257114931679,21.43923220125933,2.368677459002356,0.11082324999733828,0.1236369999969611
15.8,11.330520095843326,14.178993422828661,30.819908155432458,9.625631115431432,21.194277040001026,2.7656206250103423,0.1225801670079818,0.13653112499741837
17.05,11.971297832086236,15.25535759859261,30.560388582286606,10.61018735773547,19.950201224551137,3.054150750002009,0.1253488340007607,0.14041925000492483
18.3,13.241439679073764,16.31413129016065,29.101894940214095,9.542050452877945,19.55984448733615,3.2695551669894485,0.131334625009913,0.15351933299098164
19.55,14.318502960362439,17.470874698417163,27.81637975553582,9.544981182388796,18.271398573147025,3.198011166998185,0.13920662499731407,0.1461910420039203
20.8,14.88202529987365,18.409631461725326,26.85616099233971,10.779842629465705,16.076318362874005,3.244003084008,0.1627795829990646,0.15383641699736472
22.05,16.03209605025652,19.4652801675775,25.917023471793357,9.97946259981002,15.937560871983337,3.716968042004737,0.1484627079917118,0.15363587500178255
23.3,17.228783596713736,20.509998336602536,24.934047634448063,9.06295395450256,15.871093679945503,3.735263708003913,0.15416233301220927,0.16266766699845903
24.55,18.28962177454852,21.44203142892748,23.18928297160963,8.604980178739169,14.58430279287046,3.8464484169962816,0.15754970800480805,0.16295862500555813
25.8,18.882407953581644,22.3439728341694,22.993667882962242,9.196632689767384,13.797035193194858,4.28715058301168,0.16095820799819194,0.16532145900418982
27.05,19.856077763168514,23.313773150979472,21.410225491850696,9.041819167347853,12.368406324502843,4.596581166013493,0.1672052089998033,0.17684645800909493
28.3,21.393905228204,24.516543782246462,20.09829997605955,7.59303854264256,12.50526143341699,4.5825223330029985,0.19138087501050904,0.19696691700664815
29.55,22.07291106064134,25.641929578881673,20.997907076394483,8.116636569106134,12.881270507288349,5.0276815419929335,0.18058416699932422,0.1834442920080619
30.8,23.77586296997267,26.641261721165744,18.645063467808512,6.250236252063701,12.394827215744812,5.078855041996576,0.18560645800607745,0.18368687501060776
32.05,25.604645352713078,27.7217603089433,16.558914496189743,4.31491567369622,12.243998822493523,5.885361749998992,0.1828169170039473,0.19182350000482984
33.3,27.020981253878894,28.771245660757845,14.333293620112585,3.424073446456788,10.909220173655797,5.973132708008052,0.18554829199274536,0.1952697919914499
34.55,28.424324968015014,29.802200123667323,12.877251305045263,2.556081035787713,10.32117026925755,5.798459666999406,0.18577812500006985,0.19960254100442398
35.8,29.071967760815497,30.918290182097913,13.109396935366703,3.246268575117398,9.863128360249306,6.245086541995988,0.1884051660017576,0.20091520900314208
37.05,30.248280334310714,31.929696258216484,12.425008591373512,2.816570242942902,9.60843834843061,6.547764416987775,0.1848830000089947,0.1942165410000598
38.3,31.484230980025245,32.92878246691495,11.697487459836083,2.3119243487035703,9.385563111132512,6.675065709001501,0.17279308300931007,0.17152429099951405
39.0,33.55942931065111,33.559429310651225,9.349908559294391,-1.3813693072961541e-05,9.349922372987464,6.820874249999179,0.17445491699618287,0.16232691600453109
2.05,2.2499999999999982,2.2809220342858287,4.356755337832325,0.007293903984006533,4.349461433848319,0.5981186669960152,0.05831383400072809,0.06149170800927095
3.3,3.5504831953121654,3.776663263235882,23.704557522356907,0.3409226236510392,23.363634898705868,0.7537208330031717,0.07681437498831656,0.08094533400435466
4.55,3.7844429407825646,4.398185465793302,31.389217880691803,1.5151503325669324,29.87406754812487,0.8058619999937946,0.07753562499419786,0.07766154200362507
5.8,4.439562843510189,5.569397853114518,34.108185469510445,3.456177081622002,30.652008387888444,1.0442005000077188,0.08472783399338368,0.08920550000038929
7.05,4.977961273009065,6.637409869950663,35.59683104909561,5.768127061021502,29.82870398807411,1.2936090830044122,0.09174462500959635,0.09781474999908824
8.3,5.546715762867914,7.722500796713414,35.77670556150477,8.551841774554859,27.22486378694991,2.3226269589940784,0.0934789169987198,0.09306329098762944
9.55,6.280954902538241,8.720202026993581,35.820629491140764,9.26721437956931,26.553415111571454,1.7422161669965135,0.09026854099647608,0.10118779201002326
10.8,7.574637196402826,10.066434337371152,35.228828851120596,8.288850102804005,26.93997874831659,1.8747087079973426,0.10428504100127611,0.13866620800399687
12.05,8.578352754858788,11.226993889550512,35.252776467969696,7.643679302305728,27.609097165663968,2.2875973749905825,0.10200724999594968,0.1252201250026701
13.3,9.331035040287226,11.970270993536165,34.18322886214868,8.215091342862422,25.96813751928626,2.268584457997349,0.10511412500636652,0.12932687500142492
14.55,10.700129440783329,13.004031590667067,32.314051404038224,7.322094555644114,24.99195684839411,2.6916736670100363,0.11484987499716226,0.14715658299974166
15.8,11.617497835463432,14.296749649659176,31.868772219163347,7.970221251072076,23.89855096809127,3.088459624996176,0.1331907090061577,0.14939633299945854
17.05,11.991608608328015,15.287575948673915,31.784061582722515,9.583459477942029,22.200602104780486,3.161893291005981,0.1351134589931462,0.1484129159944132
18.3,12.986906429193908,16.266566323363307,30.43639392030795,9.651556087856633,20.784837832451316,3.53563545900397,0.14376295899273828,0.1571131249947939
19.55,13.81696295145544,17.27702596295424,29.983476215231832,9.664515919641005,20.318960295590827,3.883579583998653,0.1494920419936534,0.14974820900533814
20.8,15.341999516201682,18.341858251977566,28.17655880435906,8.204309139877196,19.972249664481865,3.40140825000708,0.15425387499271892,0.15270933401188813
22.05,16.26744493058729,19.361874502011638,27.066004234370084,8.356649525624093,18.70935470874599,3.590250958004617,0.15458599998964928,0.16171016600856092
23.3,16.799440286023366,20.256309622573884,26.254982205976518,9.428414442719827,16.82656776325669,3.937026125000557,0.15370720899954904,0.16081112499523442
24.55,17.7409790466332,21.38797832189313,26.033987592508254,9.292076768428686,16.741910824079568,4.189514792000409,0.15810433300794102,0.16501208300178405
25.8,19.536875517475195,22.54783338493463,23.982243574484386,7.391065492185476,16.59117808229891,4.5508879169938155,0.1651566670043394,0.1721665410004789
27.05,20.28063016975566,23.660053553067414,23.596219746079896,7.9416158363073635,15.654603909772533,5.01657870800409,0.17026333400281146,0.18537737500446383
28.3,21.631487922707436,24.610300690358194,21.066348876972853,6.980520196420315,14.085828680552538,4.779307792006875,0.1732139579980867,0.17443183400609996
29.55,22.404924562699243,25.73406847186931,21.394399000416342,7.35793934858134,14.036459651835003,4.961550250009168,0.1770797500066692,0.1819704169902252
30.8,22.86489498680824,26.745932557196763,21.208177070228473,8.294367677545935,12.913809392682538,5.357327374993474,0.18171645801339764,0.1862385829881532
32.05,23.5765352608749,27.8392660391464,21.561804062782343,8.610754071182,12.951049991600343,5.740803915992728,0.18366204098856542,0.1908232090063393
33.3,25.694761347814996,28.88960699135842,18.37286862188816,6.2347648905870585,12.1381037313011,7.045859874997404,0.19373708400235046,0.19571912499668542
34.55,27.190217082914575,29.898605405510637,16.16275191893604,5.000442418285758,11.16230950065028,5.994650749998982,0.1991052090015728,0.2024205829948187
35.8,28.59901144654279,30.973823041206863,14.923794172661047,4.164540104121102,10.759254068539946,5.9269357079901965,0.180838041997049,0.1950105409923708
37.05,29.809829622281562,31.986680497975147,13.790525999291958,3.649069421246111,10.141456578045847,6.798695292003686,0.1765235000057146,0.18563379198894836
38.3,31.549443357366997,33.02685178583595,12.16069450312986,2.3489427020855658,9.811751801044295,6.8258024160022615,0.16849991600611247,0.1676619589998154
39.0,33.55942931065111,33.559429310651225,9.349908559294391,-1.3813693072961541e-05,9.349922372987464,6.710450333994231,0.1638904999999795,0.1562722499947995
2.05,2.2499999999999982,2.2809220342858287,4.356755337832325,0.007293903984006533,4.349461433848319,0.6191668749961536,0.057341416002600454,0.06038862500281539
3.3,3.1668266688429068,3.62728781866281,22.55311616397465,0.9106062579612058,21.642509906013444,0.6772108340082923,0.0690865409997059,0.06309379199228715
4.55,4.142272819497059,4.946933657363951,28.656111087994447,1.7871176938962492,26.868993394098197,0.956607999993139,0.07974708300025668,0.07716579199768603
5.8,5.067551831152035,6.028552806357651,33.137217246347234,2.212309268923434,30.9249079774238,0.946544417005498,0.08858308399794623,0.094766415990307
7.05,5.96071936581359,7.195098437888357,34.771168139500006,3.0386093272826997,31.732558812217306,1.2176155829947675,0.09074533300008625,0.10035175000666641
8.3,7.08117694690136,8.460798707783661,35.68528722397116,3.105505283181458,32.5797819407897,1.4008878329914296,0.0981445409997832,0.10191283299354836
9.55,7.6437795266951785,9.350937847172569,36.04100624456896,4.037538139403736,32.003468105165226,1.6392252499936149,0.09979795799881686,0.10438620900094975
10.8,8.06348022548089,10.29312565762018,35.57258970341161,5.970698918713282,29.601890784698327,1.659312834002776,0.10105170900351368,0.11671804200159386
12.05,8.873277089948594,11.217600799810073,34.92433538354764,6.468601425195473,28.45573395835217,2.1754477499925997,0.10606325000117067,0.11828466699807905
13.3,9.442497887588218,12.246859625720344,35.03475150679587,7.4602762540213945,27.574475252774477,2.1055222080030944,0.10651966600562446,0.12057424998783972
14.55,10.773819437038885,13.403607942129485,33.685698468753856,6.955384121474452,26.730314347279403,2.4075345000019297,0.11218549999466632,0.12561383300635498
15.8,11.982641276078738,14.829016917652613,33.619979007148444,6.6138232383252955,27.00615576882315,2.8484332500083838,0.13054854099755175,0.13804541699937545
17.05,12.289511021549911,15.63190319611195,33.28171108139003,8.001767208276704,25.279943873113325,3.069372458005091,0.13287112500984222,0.14109199999074917
18.3,13.452534513094829,16.69369367775069,31.492237598954816,8.209650580882197,23.28258701807262,3.324552209000103,0.13524995899933856,0.14411454100627452
19.55,14.477736794008248,17.64135207274392,29.71675646129154,8.377713983173692,21.339042478117847,3.5221946659876266,0.13428866599861067,0.1376761669962434
20.8,14.553611273158818,18.495996996797416,29.683294371242113,10.477403775313277,19.205890595928835,3.7120224999962375,0.1351204160018824,0.1498790839978028
22.05,15.160640269330301,19.48320560579917,29.417154261904358,11.044818218309715,18.372336043594643,3.5706926659913734,0.13719037499686237,0.15087333299743477
23.3,16.771427375860405,20.557737878993862,27.46255573821864,9.538866009350428,17.92368972886821,4.5790235419990495,0.14708704200165812,0.1562469170021359
24.55,17.20582093673038,21.662400276754134,27.79672264204416,10.533394285667072,17.263328356377087,4.5643837499956135,0.1537119580025319,0.16137570799037348
25.8,18.061961509571596,22.588453000506384,26.634583901596812,10.742351205071486,15.892232696525326,4.347631457989337,0.15721929199935403,0.16245424999215174
27.05,19.791998980214252,23.595629776499155,23.565047378749057,9.182839911544164,14.382207467204893,4.470587290998083,0.1610696249990724,0.16601937499945052
28.3,20.635755583791394,24.810829741993444,24.12791360802177,9.24095697042057,14.886956637601202,5.02874116699968,0.16361491598945577,0.17055437499948312
29.55,21.531387657215305,25.84785081310012,23.30853777499253,9.280730251489288,14.027807523503242,4.3163050830044085,0.18712408299325034,0.176723333002883
30.8,23.417745550216416,26.87698224823351,20.562531755543134,7.283373928150226,13.279157827392908,5.033456417004345,0.18438099999912083,0.18310591699264478
32.05,24.971646759446337,27.924089639840883,19.357978670915287,5.924575603164442,13.433403067750845,5.411991999993916,0.19225679199735168,0.18448279199947137
33.3,26.554169557136696,28.95025424995834,17.214515735083097,4.5697115553525975,12.6448041797305,5.7204878329939675,0.18696200000704266,0.18484179199731443
34.55,26.592609586681373,29.967437172323063,17.863205943507168,6.285699215694635,11.577506727812533,6.083031916001346,0.18855999999505002,0.19039783399784938
35.8,28.8253638974653,30.960034435947822,14.712223264841214,3.738445748471463,10.97377751636975,6.257725375005975,0.18167999999423046,0.19643416599137709
37.05,30.558355099725553,32.047599809024156,13.345211639596187,2.473046268381779,10.872165371214408,6.112153666996164,0.17791641601070296,0.19099266699049622
38.3,32.05247410272537,32.988507822275416,11.347166895879326,1.484042729299233,9.863124166580093,6.7737938330101315,0.16863079099857714,0.17069025000091642
39.0,33.55942931065111,33.559429310651225,9.349908559294391,-1.3813693072961541e-05,9.349922372987464,6.733510208010557,0.16515824999078177,0.15916433300299104
2.05,2.2499999999999982,2.2809220342858287,4.356755337832325,0.007293903984006533,4.349461433848319,0.5830197500035865,0.05721770800300874,0.06020087499928195
3.3,3.5068589684795604,3.8210856191406646,23.42079275736954,0.5328684378613247,22.887924319508215,0.7195107919978909,0.07560774999728892,0.07443720800802112
4.55,4.301328489243859,4.8393129296684005,30.062404308381048,1.0901414400040608,28.972262868376987,0.9771061659994302,0.08001325000077486,0.0829655840061605
5.8,4.799536909843847,5.827848878360983,33.345066113994775,2.6254635150259986,30.719602598968777,0.9904324170056498,0.08403737501066644,0.08805220799695235
7.05,5.485899970781802,7.133267979315504,34.62258269676008,4.732015446801839,29.890567249958238,1.287267540988978,0.09110862499801442,0.09698666700569447
8.3,6.376373320871828,8.291441155727906,35.292836077064024,5.298178692648548,29.994657384415476,1.5802782500104513,0.09156133299984504,0.10388037499797065
9.55,7.202470529664247,9.22187487159019,34.87997905941005,6.106913088818047,28.773065970592,1.596174250007607,0.09466941599384882,0.11397700000088662
10.8,7.919027952227379,10.009722550745439,34.30721139538194,7.012587387308173,27.294624008073768,1.8139741670020157,0.09753116700449027,0.11751508299494162
12.05,8.702349565049404,11.013262517835223,34.63238376752008,6.915780806640484,27.716602960879598,2.006775583009585,0.09668233299453277,0.11844708299031481
13.3,9.799272565507128,12.202988830802646,34.03180635633308,6.739778576657358,27.29202777967572,2.087852708005812,0.1028927500010468,0.11486220799270086
14.55,11.009055214303942,13.188351040545193,32.76089820365702,6.168024016505413,26.592874187151608,2.335474042003625,0.11024683300638571,0.1227787909883773
15.8,11.712128534330677,14.325950350172066,32.84358783035067,6.908749843196162,25.93483798715451,2.9054086249961983,0.12274812499526888,0.1349629579926841
17.05,12.46611019744861,15.490351631368979,32.45808145714244,7.706912754763337,24.751168702379104,3.201576416991884,0.13022954200278036,0.14772866599378176
18.3,13.17186707926507,16.44818294479577,31.448618747535363,8.641620325226071,22.80699842230929,3.365505750000011,0.1350302909995662,0.14806345800752752
19.55,14.337365049603498,17.42410305476183,29.059129553408198,8.764148176891695,20.294981376516503,3.518413249999867,0.13885195799230132,0.14309283399779815
20.8,15.368486602472249,18.532429435115297,28.39958995298855,8.48697283102517,19.91261712196338,3.9853003329917556,0.148741582990624,0.15303158298775088
22.05,16.036390849974516,19.577951403889557,27.886129756288113,9.239643343325142,18.64648641296297,3.5917070410068845,0.14685783299501054,0.15341149999585468
23.3,17.318462038182638,20.648536244807442,25.641543852366752,8.820250177737663,16.82129367462909,3.984102292000898,0.1530158749956172,0.1621679999952903
24.55,18.765200365224633,21.8957503975639,24.89187931088223,7.646322024212395,17.245557286669836,4.217200750004849,0.16881995799485594,0.16397316700022202
25.8,19.854846480610945,23.08808618082978,24.777042995828978,7.36439885714023,17.412644138688748,4.395189542003209,0.1620567500067409,0.16975891699257772
27.05,20.88498410071017,24.096017426323243,23.883683603568016,7.107428513964962,16.776255089603055,4.702247082997928,0.174599666002905,0.17983999999705702
28.3,21.562994118882216,25.03649190206654,22.901848049517966,7.604473636748153,15.297374412769813,5.318159500006004,0.17380779200175311,0.18101025000214577
29.55,23.321707852554056,26.02024375843457,20.55730651129349,5.769316985023124,14.787989526270366,5.032297290992574,0.20157950000429992,0.21526429199730046
30.8,24.331351222028417,27.001300025857525,18.914096730334578,5.5496680357122585,13.364428694622319,5.676332499991986,0.18834325000352692,0.18732558299961966
32.05,25.093610444627394,28.03323549951475,18.46509472349635,5.859969047832493,12.605125675663857,5.186067457994795,0.18934870799421333,0.18739079200895503
33.3,26.61791221070159,29.036868287354483,16.427057128809793,4.566350325894206,11.860706802915587,5.4772127920005005,0.18868687500071246,0.18889095800113864
34.55,27.2882072724545,29.94758841101547,15.926350232724957,4.87882820341045,11.047522029314507,6.118015875006677,0.18450854100228753,0.1948388330056332
35.8,28.784529702099192,31.159672202137713,15.759607294734678,4.0800539389047685,11.67955335582991,6.448324083990883,0.18999895799788646,0.19388562500535045
37.05,30.87436554873506,32.18019173785514,13.397264388216001,2.140536100324539,11.256728287891463,6.405109042010736,0.1744692920037778,0.1856839589891024
38.3,32.03909971328332,33.06065698992263,11.650693290505444,1.6123405237557336,10.03835276674971,6.0902701250015525,0.17612479199306108,0.16968720800650772
39.0,33.55942931065111,33.559429310651225,9.349908559294391,-1.3813693072961541e-05,9.349922372987464,6.832521832999191,0.16780987501260825,0.16472454101312906
2.05,2.2499999999999982,2.2809220342858287,4.356755337832325,0.007293903984006533,4.349461433848319,0.5951221249997616,0.05830720798985567,0.061737750002066605
3.3,3.461514886299171,3.7639582956172637,23.905607913217636,0.48834923922865414,23.417258673988982,0.9804292089975206,0.08452445799775887,0.07878591699409299
4.55,4.67491548652201,5.244200986762671,30.308183936798315,1.0767658032496001,29.231418133548715,1.058515000011539,0.0860967909975443,0.09179245900304522
5.8,5.575156798875722,6.326324439447789,33.358015702311306,1.5437301846826728,31.814285517628633,1.1061223750002682,0.0901974589942256,0.09380129100463819
7.05,6.075161772970066,7.1235895807427365,35.35336161185293,2.4351789603940404,32.91818265145889,1.3670243329979712,0.08909074999974109,0.09976808300416451
8.3,6.628345763529025,8.107204113742661,35.99116918877414,3.76046844396096,32.23070074481318,1.3625798330031103,0.09430637500190642,0.10389504198974464
9.55,7.014617115393061,8.984409228299361,36.245316936396364,5.639473333314015,30.60584360308235,1.636868499990669,0.0997248329949798,0.11751275000278838
10.8,8.160297252947045,10.088187351071197,35.34309770799513,5.486987214452881,29.856110493542246,1.9461844590114197,0.104843583991169,0.11936587499803863
12.05,8.844160741826073,11.176607673010476,34.70385182827562,6.8755376165324975,27.82831421174312,1.949932291987352,0.1058014589943923,0.12335329099732917
13.3,9.634555445578446,12.280703777343835,34.453744526720726,7.323832329976469,27.129912196744257,2.3082796250091633,0.1085331249923911,0.12225883299834095
14.55,10.729141846545453,13.32201806294887,33.361843258888015,7.148690998188513,26.213152260699502,2.7558155419974355,0.12333383400982711,0.13859808300912846
15.8,11.33323257783533,14.270463822316865,32.97409391899171,8.059637960846885,24.914455958144828,3.165615791993332,0.1370068749965867,0.15331745900039095
17.05,12.041831961187853,15.317299279028047,32.57992806204933,8.657455635714143,23.92247242633519,3.110773666994646,0.13830658300139476,0.15372554199711885
18.3,13.04473682658482,16.369347157248093,31.206857501382473,9.003652878726811,22.20320462265566,3.2527715000032913,0.14553029100352433,0.1401966249977704
19.55,14.167400311924547,17.54293723472228,30.356963231139446,8.712779336734457,21.64418389440499,3.2996301670063986,0.14012008400459308,0.14215520799916703
20.8,15.003462363954974,18.587414242402005,29.851566850172333,8.922307033162582,20.92925981700975,3.667872042002273,0.13955412500945386,0.14500925000174902
22.05,15.814291846574298,19.68933419332564,29.723160068240958,9.086430019815339,20.63673004842562,4.466516792002949,0.14781500000390224,0.16275191599561367
23.3,16.987673842929674,20.59286401367931,27.5191374305182,8.833595151053387,18.685542279464812,4.139246208011173,0.155319707992021,0.16566137499467004
24.55,18.34552810434173,21.482979194616277,24.56198837482178,8.082177812879436,16.479810561942344,4.168431332989712,0.16464037500554696,0.16649620899988804
25.8,19.45847741262037,22.446752825947975,22.618195457968625,7.670244879585965,14.94795057838266,4.587155000001076,0.16705929199815728,0.17069774999981746
27.05,20.452942141933967,23.540591085936494,22.22865149993791,7.515980146455831,14.71267135348208,5.856130915999529,0.16874699998879805,0.17563170799985528
28.3,20.863858011103318,24.54984490676257,22.415558875711895,8.614353298945304,13.801205576766591,4.98204370799067,0.17264699999941513,0.17696158301259857
29.55,22.36583438027987,25.517828888288207,19.938714644281703,7.234014996461411,12.704699647820291,5.156636125000659,0.18205979200138245,0.1789357090019621
30.8,23.18185377153005,26.47470356240639,18.586973834186253,7.335399686887669,11.251574147298584,4.68588429200463,0.18362904200330377,0.1835678750067018
32.05,24.329555620315418,27.744460107133516,19.39185244778284,7.033131557537644,12.358720890245195,5.234412125006202,0.19711974999518134,0.21120595899992622
33.3,25.471795416478855,28.814724080525302,18.71338029205191,6.573031565976322,12.140348726075587,5.987557707994711,0.19297049999295268,0.1942522919998737
34.55,26.998251467767137,29.83209615893101,16.772908127397017,5.301307817729224,11.471600309667792,5.745187667009304,0.18788429099367931,0.19140766600321513
35.8,28.271976281008413,30.858179120778697,14.810740872465885,4.607174568915298,10.203566303550588,5.973729834004189,0.183662416995503,0.19601129199145362
37.05,29.415979849898967,31.856336404767745,13.529485024928903,4.151275334399969,9.378209690528934,6.4756002919893945,0.18021199999202508,0.1885666659945855
38.3,31.281196508878274,32.91092177503171,11.744196966647593,2.611877342787295,9.132319623860297,6.188385708999704,0.1784912919974886,0.1740392920037266
39.0,33.55942931065111,33.559429310651225,9.349908559294391,-1.3813693072961541e-05,9.349922372987464,6.809489291990758,0.16699466700083576,0.1601909579912899
2.05,2.2499999999999982,2.2809220342858287,4.356755337832325,0.007293903984006533,4.349461433848319,0.593064750006306,0.058318999988841824,0.06113887501123827
3.3,3.4692478633708377,3.9725396193438094,22.56715415306877,0.9016805553356448,21.665473597733126,0.8370024579926394,0.07769387500593439,0.0728067499876488
4.55,4.232230426394513,4.920621352108025,30.310101645197335,1.600322961783391,28.709778683413944,1.1589338329940801,0.08387833400047384,0.08728933399834204
5.8,4.790118050262301,5.942499175862591,33.30019156784272,3.241111345595314,30.059080222247403,1.1928480829956243,0.08816195798863191,0.09274675000051502
7.05,5.3348270426398186,6.994030693602862,34.800585701879555,5.21641639921404,29.584169302665515,1.1542102079984033,0.08897041600721423,0.0984078750043409
8.3,5.995846009200083,8.050129159005538,35.56682932989894,6.552243300266582,29.014586029632355,1.483064749991172,0.0866600000008475,0.09791508300986607
9.55,6.342206956844801,8.811328342241266,35.93446682913867,8.80446929870611,27.12999753043256,1.5730984999972861,0.09084525000071153,0.11468549999699462
10.8,6.66868533213813,9.720934742160468,35.85335232378122,11.828411403586117,24.024940920195107,1.751140458000009,0.1008933330012951,0.10773237500688992
12.05,6.985369157271529,10.700272444281117,35.53820749516993,15.484132577787875,20.054074917382053,2.00803216600616,0.09829399999580346,0.11953162499412429
13.3,8.109740899663445,11.65941152153249,33.6753489209525,15.234467759294034,18.440881161658467,2.3401313340000343,0.10076666700479109,0.12307679200603161
14.55,9.607623509492342,12.849728157296687,32.5035795814816,11.937120473241862,20.56645910823974,2.2979583330015885,0.10592433299461845,0.13003066700184718
15.8,10.517544399347436,13.887556547128161,30.594886989356752,13.07510938530882,17.51977760404793,3.0471984580071876,0.11050075000093784,0.13415737499599345
17.05,11.194830113539357,14.82861675138636,29.55027667674301,14.100050364177164,15.450226312565846,2.986993832993903,0.11678570799995214,0.1373860000021523
18.3,12.273305293288985,15.852275414531677,27.51848708444983,13.935585909251998,13.582901175197833,2.956921416000114,0.12387320799462032,0.14900687499903142
19.55,13.110773768713752,16.91224199921098,26.080698533822314,14.4354970169219,11.645201516900414,3.419203584009665,0.1357870830106549,0.1647410419973312
20.8,13.662847561006352,17.864357254915028,25.56174089321685,22.300369377400685,3.2613715158161654,3.4091239999979734,0.13857287500286475,0.11305349999747705
22.05,14.64599259088692,18.8813119820582,23.425602839760586,20.837223787011595,2.5883790527489907,4.083742750008241,0.1466797909961315,0.12143333299900405
23.3,15.814453136949421,19.89581499550664,22.526145212700897,19.861770913183932,2.6643742995169646,4.31956070799788,0.15490187499381136,0.12544191601045895
24.55,16.388730366212293,20.94575186837013,22.582175575928872,20.1685889120851,2.4135866638437733,4.929019207993406,0.16705679199367296,0.146160583011806
25.8,17.36073965456667,21.99067401781007,22.089793059135317,19.6137720436398,2.476021015495519,5.195815125000081,0.17167379200691357,0.15063545799057465
27.05,18.791458285464493,23.11784203950345,21.083796357630845,11.957043989296281,9.126752368334564,4.760651500007953,0.17285883400472812,0.1895931670005666
28.3,19.83976217941965,24.318011158110238,21.38771839292056,11.31661287551762,10.071105517402941,5.305236792002688,0.17286295899248216,0.18927537499985192
29.55,20.92798763380872,25.406485150416227,20.770351990206947,10.69081467392759,10.079537316279357,5.809575250008493,0.17864991599344648,0.18746345798717812
30.8,22.137636238410145,26.425217413519043,19.49347470729461,9.783673565024088,9.709801142270521,5.498153041000478,0.1898206660116557,0.18576554200262763
32.05,24.026536919108672,27.72655806875041,19.187362844024335,7.705384041827131,11.481978802197204,5.722647500006133,0.18861233300413005,0.18971325000165962
33.3,26.102970153737182,28.779124742085223,16.586942874700497,5.220322367404208,11.36662050729629,6.10347850000835,0.19248900000820868,0.19382608401065227
34.55,26.501269276910598,29.73074869334909,15.954153555698724,6.1059721475723165,9.848181408126408,6.608595333993435,0.20232658299210016,0.19885195800452493
35.8,28.314080347569657,30.750634488552013,13.843189421277998,4.381914122333484,9.461275298944514,6.0074884579953505,0.19015041600505356,0.19899695899221115
37.05,29.982377258543217,31.85653599476247,12.628716440989905,3.1708287242451263,9.457887716744779,6.986034290996031,0.18103616600274108,0.18804512500355486
38.3,31.125002292005796,32.97812647230927,12.579981209399364,2.9732144363846658,9.606766773014698,6.212036583005101,0.1718368330039084,0.1757204159948742
39.0,33.55942931065111,33.559429310651225,9.349908559294391,-1.3813693072961541e-05,9.349922372987464,6.795646916012629,0.16904208400228526,0.16045691700128373
2.05,2.2499999999999982,2.2809220342858287,4.356755337832325,0.007293903984006533,4.349461433848319,0.5933703329937998,0.05751549999695271,0.060798125006840564
3.3,2.9584191402644016,3.296265588720246,24.44999920287664,0.6556859841739708,23.79431321870267,0.7787175830017077,0.06592737500614021,0.07247945800190791
4.55,3.6383139473754085,4.4281798970294455,30.88098927197325,2.222918144896653,28.658071127076596,0.8417071669973666,0.0775904170004651,0.07274733399390243
5.8,4.458538126838509,5.743049209657111,33.26488181366338,3.8730565156020873,29.391825298061292,0.8332432500028517,0.0816051659930963,0.08640016699791886
7.05,4.969744739323125,6.60828102184734,35.28118308259948,5.566129258863313,29.71505382373617,1.0944957080064341,0.09453049999137875,0.09874741699604783
8.3,5.533037775976364,7.647140184371395,35.87680799066624,7.635253472744665,28.24155451792157,1.329329707994475,0.08871983300196007,0.09523049999552313
9.55,6.42607983218241,8.631970863302165,35.65048280791039,7.753511461105106,27.896971346805287,1.391289291990688,0.09567579100257717,0.10878720800974406
10.8,7.1600709857780815,9.734795227581904,35.44397875767132,8.896074402668816,26.5479043550025,1.7165915000077803,0.0992094170069322,0.12004583299858496
12.05,8.174629864529848,10.796671876620241,34.81499403525251,8.692006362335377,26.122987672917134,1.8553264160000253,0.10357354099687655,0.12559558400243986
13.3,8.832233979277296,11.757315229538488,33.73957150586156,10.468300943646184,23.271270562215378,2.130485875008162,0.10676174999389332,0.12039125000592321
14.55,10.034549319170406,12.906633496155488,32.39789622625152,10.01164619024253,22.386250036008988,2.7306197919970145,0.11465749998751562,0.13508225000987295
15.8,10.973795906544844,14.002464718251902,31.787306182405246,9.9327731980609,21.854532984344345,3.001567792001879,0.11942091699165758,0.13160720899759326
17.05,11.658004899520225,15.000526062468577,30.30161822560413,11.571904083430809,18.72971414217332,2.982161041989457,0.12988775000849273,0.14309074998891447
18.3,12.704059264209352,16.18302674745906,30.02409547757958,10.876706589186867,19.14738888839271,3.1624773329967866,0.13665808299265336,0.1564630000066245
19.55,13.614737955299649,17.23122433481172,29.23048515789546,10.90050271175808,18.32998244613738,3.123719291994348,0.13398512500862125,0.14441449999867473
20.8,14.85783687628497,18.287653967406843,27.308848544688175,10.36080017876209,16.948048365926084,3.552608790996601,0.14918475000013132,0.15271120800753124
22.05,15.876790438119325,19.40435757665485,27.190009884854177,9.781018473955626,17.40899141089855,3.974591000005603,0.1491841669921996,0.15618962499138433
23.3,16.84233985872629,20.488137645256252,26.05717310885575,9.830722054935961,16.22645105391979,3.873312583004008,0.15231270900403615,0.15928916599659715
24.55,17.49311434038686,21.468086057122992,24.963205300143784,10.676513744488005,14.286691555655779,4.527317416999722,0.1553642920043785,0.16630500000610482
25.8,19.106528491638976,22.54448901264114,22.868724767918394,8.877767636660252,13.990957131258142,5.2402162500075065,0.16071395800099708,0.16672437499801163
27.05,20.273557451465475,23.551962035577468,21.301277551725065,8.197314490565532,13.103963061159533,4.615984499992919,0.167125166990445,0.17456050000328105
28.3,21.280877035307498,24.625845476268267,20.945746525100702,7.910978819257309,13.034767705843393,5.018448459013598,0.17228620800597128,0.1813812920008786
29.55,22.139396844782,25.579641795841933,20.578524138254608,7.830311062857163,12.748213075397445,5.216311041003792,0.17896825000934768,0.18285899999318644
30.8,22.99421494986437,26.683767713422977,20.45682369012563,7.964525587784536,12.492298102341096,5.245152999996208,0.18636325000261422,0.18740866699954495
32.05,23.935082066735248,27.770820535669092,19.92150740411563,7.896381060814576,12.025126343301054,5.477039417004562,0.19473483299952932,0.20010124999680556
33.3,24.658184503526826,28.584622941836468,18.219910272457994,7.977213106391233,10.242697166066762,5.6754431660083355,0.19200875000387896,0.1914916250098031
34.55,25.89881835132693,29.751062550834842,17.46506406955359,7.373184155555208,10.091879913998383,6.244428083009552,0.1925133329932578,0.19536958400567528
35.8,27.555218428582812,30.79948006181383,15.599353134773281,5.828220231063142,9.77113290371014,5.659810541008483,0.18883270799415186,0.1948037080001086
37.05,29.399528413964276,31.90111412700743,14.2069271892276,4.246589887949796,9.960337301277804,6.370585500000743,0.1773933750082506,0.18433958300738595
38.3,31.881858891848566,32.977696236467004,11.3326457723864,1.7370192208003914,9.595626551586008,6.098584583000047,0.17931362500530668,0.17306649999227375
39.0,33.55942931065111,33.559429310651225,9.349908559294391,-1.3813693072961541e-05,9.349922372987464,6.613704124989454,0.16995029099052772,0.1676583750086138
2.05,2.2499999999999982,2.2809220342858287,4.356755337832325,0.007293903984006533,4.349461433848319,0.5820057499950053,0.05683120900357608,0.06009420799091458
3.3,3.5451332714884387,4.066197509231042,20.44157702803878,0.7665493728543566,19.675027655184422,0.8134681660012575,0.07738604200130794,0.0722082499996759
4.55,4.6167046503236335,5.305511212510748,28.923019993561468,1.2859302606381249,27.637089732923343,1.2479216249921592,0.08446258399635553,0.09072591699077748
5.8,4.970007219524031,6.063418284005445,33.43448574134584,2.7141704167501786,30.72031532459566,1.1169963330030441,0.08693483300157823,0.09405604199855588
7.05,5.7306870935733105,7.131549427507249,35.08220643486327,3.7006420233790607,31.381564411484206,1.174602250001044,0.08861475001322106,0.09871525000198744
8.3,6.426256945233095,8.213684043436466,35.71940232229299,4.874632909894643,30.84476941239835,1.4208922090037959,0.09932212501007598,0.10518904199125245
9.55,7.179724257647836,9.253721068135448,35.70218246728115,5.741001401213069,29.96118106606808,1.4473237909987802,0.09659666700463276,0.11617733300954569
10.8,7.558393228702188,10.140534446060439,35.822979258796636,7.603933593321969,28.219045665474667,1.8155074999958742,0.0983903340093093,0.1166330420091981
12.05,8.413088388465699,11.291617889031109,35.59282030102739,8.02893002667794,27.563890274349447,2.1899337909999304,0.09741575000225566,0.11706679199414793
13.3,9.262838777367296,12.361063268199116,35.21071409774346,8.28682413469528,26.923889963048182,2.5738149999961024,0.11264899998786859,0.12978183400991838
14.55,10.045606484603507,13.433363345410461,34.907876538738606,8.628888617791063,26.278987920947543,2.560495167010231,0.11452066698984709,0.1291117920045508
15.8,11.12975180694333,14.722246907126335,34.267735662684416,8.624314894717486,25.64342076796693,3.3369599579891656,0.12420195800950751,0.15029987499292474
17.05,11.71394410651432,15.661700063935061,33.49015285929872,9.817049628995463,23.673103230303255,3.310031874993001,0.1324926250090357,0.14824329099792521
18.3,12.387354222252922,16.56431314744172,32.51064651396638,10.771313686030311,21.739332827936067,3.2428156250098255,0.13223104098869953,0.1344071659987094
19.55,13.079700965746643,17.554663426212468,31.71175555106626,11.55013610434294,20.16161944672332,3.489276082997094,0.1377737909933785,0.14442316599888727
20.8,14.592751779355496,18.623765606899752,29.743467322182994,10.464960122141093,19.2785072000419,3.454162374997395,0.13129791599931195,0.14871199999470264
22.05,15.245016156696188,19.568326028974475,28.92431066806496,11.190242211161191,17.73406845690377,3.7143681660090806,0.1414399589993991,0.15395133300626185
23.3,16.358330310146947,20.659557416302054,27.103619103258026,11.211217197831118,15.892401905426908,3.9125792080012616,0.1491858749941457,0.15671091599506326
24.55,17.745335651768922,21.711903003371823,24.892225470294107,10.266461580923078,14.62576388937103,4.439207791001536,0.16946487499808427,0.18064133300504182
25.8,18.80198793931399,22.780101704332566,23.99511706791172,9.869629450476609,14.125487617435112,4.891566040998441,0.16748350000125356,0.174910000001546
27.05,20.057458916801693,23.7845342898485,22.794271891475574,8.916923924816274,13.8773479666593,4.815062583002145,0.1719066249934258,0.1757998750108527
28.3,21.238323155712116,24.816908718812947,21.93426096823238,8.17882027197551,13.75544069625687,5.389170875001582,0.16932487500889692,0.17673416700563394
29.55,21.964752436189467,25.78508908393826,21.412639154396203,8.48080991975985,12.931829234636353,5.152672750002239,0.17516612500185147,0.19326516600267496
30.8,22.969121432811086,26.90917237386108,21.17682548231261,8.272359350537414,12.904466131775195,5.593604583002161,0.182041832988034,0.18378637499699835
32.05,24.499430191310474,28.053881421889482,19.940442376186184,7.094149731258057,12.846292644928127,5.061252917003003,0.1840058749949094,0.18328024999937043
33.3,25.72708302212434,29.082680809483616,18.546856567670787,6.43456876105374,12.112287806617047,5.460143499993137,0.18731550000666175,0.18770312500419095
34.55,27.09442423882856,30.085116646262524,16.891614056597717,5.460069414265064,11.431544642332653,6.066457459004596,0.18469125000410713,0.18586341699119657
35.8,28.319029632041765,30.99411040393539,15.027229434410089,4.682824453554986,10.344404980855103,6.939737624998088,0.1830259160051355,0.1981931249902118
37.05,29.351990604496336,32.093939412236786,14.82630445620083,4.563319902164409,10.262984554036422,6.5391924580035266,0.17551849999290425,0.1874057920067571
38.3,31.883014984812345,33.11163794803746,11.91935725526352,1.9318498463972276,9.987507408866293,5.909193792002043,0.1653819160128478,0.1648775840003509
39.0,33.55942931065111,33.559429310651225,9.349908559294391,-1.3813693072961541e-05,9.349922372987464,6.61835366601008,0.162597625007038,0.15408745800959878
2.05,2.2499999999999982,2.2809220342858287,4.356755337832325,0.007293903984006533,4.349461433848319,0.5747180000034859,0.05585662499652244,0.05933983300928958
3.3,3.0017143433051254,3.2583286959054587,25.05950732041714,0.45651615369014564,24.602991166726994,0.7425245420017745,0.06522479100385681,0.07054929100559093
4.55,4.292999218779781,4.605730640821719,31.37451768216812,0.6122234112066707,30.762294270961448,0.7894756669993512,0.07854729199607391,0.0829843749961583
5.8,4.928617518820802,5.61458987970538,33.925957849589196,1.579703122113301,32.346254727475895,0.8531890840095002,0.08065395800804254,0.08646408299682662
7.05,5.579994822571118,6.770714872844349,34.99425380434933,3.305228702649913,31.689025101699414,1.063708667003084,0.08669050000025891,0.09179304199642502
8.3,5.948441584690293,7.599829519291899,35.42848237399545,5.311923325738505,30.116559048256946,1.161712583998451,0.08569474999967497,0.09646600000269245
9.55,6.663412747585112,8.606985773786871,35.417567679626714,6.420075491231074,28.99749218839564,1.33177458299906,0.09144245799689088,0.10403412498999387
10.8,7.396989677955245,9.813745681569443,35.54675331489534,7.622054761724243,27.924698553171098,1.9365541669976665,0.09518766599649098,0.11585100000957027
12.05,7.922994578132299,10.74606321384957,35.34898843015199,9.245161301830294,26.103827128321697,2.0704192090051947,0.09657895899727009,0.11744116700720042
13.3,9.30505401291882,12.061754328522378,34.13042653944713,8.55644356541643,25.5739829740307,2.397762333988794,0.1007879579992732,0.12737475000903942
14.55,9.991761352169117,13.032729957245996,33.26601036610893,9.681096442375818,23.58491392373311,2.3450155410100706,0.1049389580002753,0.12356504100898746
15.8,11.348918142436345,14.099178402792692,31.11508222422995,9.086462509005003,22.02861971522495,2.8224432919960236,0.1190019170026062,0.126055249987985
17.05,12.235642121814738,15.276603491866084,30.64977169724679,9.389398882596538,21.260372814650253,2.8752119580021827,0.1231498749984894,0.13558550000016112
18.3,13.75419814144809,16.35191174940291,28.81784652416094,7.835533692719466,20.982312831441476,3.2773958339967066,0.12672508299874607,0.12616349999734666
19.55,14.393112023942805,17.372614281401784,27.860066067303976,9.00776478055279,18.852301286751185,3.453975583994179,0.1340403329959372,0.1432180830015568
20.8,15.117178876237638,18.449213606808353,27.520824614388772,9.648430196221156,17.872394418167616,3.262840041992604,0.14321137499064207,0.14997066700016148
22.05,16.128089329950633,19.511135432629235,26.663826909381513,9.402326420088798,17.261500489292715,3.6783557919989107,0.1451898329978576,0.15260349999880418
23.3,16.684974412774288,20.466692975147293,25.687808635314482,10.499301083664747,15.188507551649735,3.680856291000964,0.14544024999486282,0.15260425000451505
24.55,18.22767297573086,21.527180713294495,23.941937979141073,8.818508237583586,15.123429741557487,4.197949666995555,0.16619974999048281,0.18009304199949838
25.8,19.0813769176765,22.51967601245492,22.713231471909367,8.968473448712345,13.744758023197022,4.3223001250007655,0.1539790829992853,0.16507629099942278
27.05,20.034824119735948,23.444524258976617,21.13496443840215,8.703176267819671,12.431788170582479,4.307967041997472,0.1606744580058148,0.16895662499882746
28.3,21.452784654437853,24.506836469449798,19.56984155091226,7.394623334109809,12.175218216802449,4.87020050000865,0.18019558300147764,0.18707183400692884
29.55,22.431181930134464,25.354021641986826,17.457155642489823,6.917196479621566,10.539959162868257,4.682816832995741,0.18130199999723118,0.1782753340085037
30.8,23.62674994535778,26.479118804118443,17.13775367265218,6.337911511128951,10.79984216152323,5.19047554199642,0.18488341699412558,0.1862122499878751
32.05,25.834370799736938,27.722650138002404,14.92898177069901,3.8844690669539546,11.044512703745056,5.269987583000329,0.1790955829928862,0.1837412500026403
33.3,26.027912149455595,28.745224654575637,16.081922918657654,5.334537836566511,10.747385082091142,5.645190792012727,0.1759627499995986,0.18333391600754112
34.55,27.66231437387031,29.895758284836948,14.91034427757981,4.126534786016947,10.783809491562863,5.839008333990932,0.18167329199786764,0.19527304099756293
35.8,28.67934507373132,30.951719544801037,14.442954713555736,3.9973401278124356,10.4456145857433,6.051251750002848,0.17797508400690276,0.18969283300975803
37.05,29.79772191672035,31.899742984947448,13.497092623124587,3.5572281123745597,9.939864510750027,6.101751708003576,0.1770278329931898,0.19019466599274892
38.3,31.060988423093246,32.85560741292749,12.079920450717822,2.9034769913787386,9.176443459339083,6.503925124998204,0.1705237499991199,0.17111337500682566
39.0,33.55942931065111,33.559429310651225,9.349908559294391,-1.3813693072961541e-05,9.349922372987464,6.591509208999923,0.1634172500052955,0.15668683299736585
2.05,2.2499999999999982,2.2809220342858287,4.356755337832325,0.007293903984006533,4.349461433848319,0.5777399169892306,0.05711966699163895,0.06019366699911188
3.3,3.6416106107865285,3.84515613802827,22.1028281864986,0.2769277200247302,21.82590046647387,0.7315434589982033,0.07760695899196435,0.08160741699975915
4.55,3.9683211568896595,4.847579170628297,29.5747647037537,2.1226296675340706,27.45213503621963,1.026422625000123,0.07719391600403469,0.07623474999854807
5.8,5.502476177987476,6.302428678495542,32.817301995218315,1.590027218761847,31.22727477645647,1.0533184579981025,0.08880704100010917,0.09342258299875539
7.05,6.083990723305223,7.242061751127912,34.87890197149555,2.680547923583461,32.19835404791209,1.1309380829916336,0.08721262498875149,0.09959737499593757
8.3,6.773882691396181,8.441229469029977,35.47702090349456,4.179919709648786,31.297101193845776,1.4874159169994527,0.09984337500645779,0.11021966699627228
9.55,7.761452558560588,9.534336412954795,35.60416880706984,4.268180754049595,31.335988053020245,1.5229165829950944,0.09981287500704639,0.10692687499977183
10.8,8.65366941261627,10.550564622131182,35.39554023156822,4.54837497127636,30.84716526029186,1.7794895830011228,0.11327262499253266,0.12464608300069813
12.05,9.18526100207517,11.609877171617983,35.21545882821357,6.002503126490453,29.212955701723118,2.0837356249976438,0.10791166700073518,0.12113549999776296
13.3,9.984981634785537,12.665901185276358,34.815013408346815,6.537570675688556,28.27744273265826,2.365320624987362,0.11329949999344535,0.12655466599971987
14.55,11.088746628558555,13.656298530033007,32.507610286730724,7.30094773707458,25.206662549656144,2.611199334001867,0.11949908299720846,0.13082870800280944
15.8,11.776854362884347,14.63194600153907,31.91747918301408,8.118689372092675,23.798789810921406,2.8193660420074593,0.133036125000217,0.14484487498702947
17.05,12.865632616559253,15.751612335194205,30.651805930497048,8.150613610428309,22.50119232006874,2.944192542010569,0.1305293339974014,0.1467505830078153
18.3,13.924212033023263,16.950085536326057,30.508783167624117,7.743695760936021,22.765087406688096,3.5662579580093734,0.1381671249982901,0.15004091699665878
19.55,14.588244845406482,17.815142727762787,29.13399013465464,8.644885968205799,20.48910416644884,3.6137263330019778,0.1424087080085883,0.1477017079887446
20.8,15.793169237185673,18.941182210223708,27.910258568783917,8.18338638608543,19.726872182698486,3.8607284169993363,0.14571070800593589,0.15116991600370966
22.05,16.46704706021937,19.70562054267653,26.06423740871128,8.891929900390636,17.172307508320642,4.728004332995624,0.15170987499004696,0.1604687910003122
23.3,17.53132813842458,20.820985779563014,25.38134949260636,8.54736858273857,16.83398090986779,4.145072749990504,0.15302370800054632,0.15975916699972004
24.55,18.767783414116106,21.87468357679538,24.368452037589435,7.727603885657572,16.640848151931863,4.364466167011415,0.162780250000651,0.16844854100781959
25.8,19.45131384088483,22.85452402350999,23.785049511893448,8.25354412920494,15.531505382688508,4.906389083000249,0.1622822079953039,0.16789808300381992
27.05,20.40622339962129,23.862482913304206,22.539417925523225,8.191916841552683,14.347501083970542,4.59508533400367,0.17095333299948834,0.1774210830044467
28.3,21.38694853587511,24.8628248040377,21.68459329448598,7.939718197184305,13.744875097301673,5.773943417007104,0.170513832999859,0.1790221660048701
29.55,22.584827504858215,25.878846237545194,20.66091555747724,7.219354530177839,13.4415610272994,5.6617701669892995,0.18211491699912585,0.18122087500523776
30.8,23.313787531057827,27.113980055501017,21.831296545516537,7.689891729066218,14.141404816450319,4.997257416995126,0.18012320800335146,0.1825095840031281
32.05,24.611691711073945,27.987412365488797,19.36201102143393,6.77706325158708,12.584947769846849,5.282486041003722,0.18604420800693333,0.18596337499911897
33.3,25.477655243221676,28.9477098803326,18.435855792659183,6.749736247538166,11.686119545121016,6.1155524579953635,0.18377220799447969,0.1845163749967469
34.55,26.697766749115615,29.874027923559733,16.672913522500323,5.926642826338195,10.746270696162128,5.632244916007039,0.1841600829939125,0.1913102499966044
35.8,28.006772011780697,30.854291947956554,15.112519663669588,5.065615247416787,10.0469044162528,5.602159041998675,0.17042279199813493,0.1850897080003051
37.05,29.913533191846035,31.880638469024557,12.78736043638537,3.3193014624278874,9.468058973957483,6.669953125005122,0.1851394589903066,0.19604054199589882
38.3,32.00831594622387,32.91144479876126,10.573388546868927,1.4280310195474328,9.145357527321494,6.742080541996984,0.17842729199037421,0.17562545801047236
39.0,33.55942931065111,33.559429310651225,9.349908559294391,-1.3813693072961541e-05,9.349922372987464,6.75937291700393,0.16527637500257697,0.1585619580000639
2.05,2.2499999999999982,2.2809220342858287,4.356755337832325,0.007293903984006533,4.349461433848319,0.5870890420046635,0.0576442089950433,0.06008341698907316
3.3,2.919532806331654,3.430660756518283,24.791000861328868,1.1408514601662745,23.650149401162594,0.7582989580114372,0.06679041701136157,0.07218179099436384
4.55,3.4999542469605345,4.373385568159929,31.307721867767683,2.7857221675399586,28.521999700227724,0.7545592500100611,0.07958700000017416,0.07456583400198724
5.8,4.709026027582993,5.839534158819938,33.71922222419606,3.228107135976728,30.49111508821933,1.0224887500080513,0.08885354099038523,0.0924630410008831
7.05,5.6980148007468925,7.037213370360602,35.16287471237463,3.6217460406048616,31.54112867176977,1.3163373749994207,0.08830454199051019,0.100273832998937
8.3,6.109598377355862,7.876163056291666,35.83679766579034,5.237844735503572,30.59895293028677,1.2731169589969795,0.0876594169967575,0.10005929099861532
9.55,7.285693318182753,9.075424715581754,35.2883627878432,5.16174562384947,30.12661716399373,1.4033182090061018,0.08871170799829997,0.10937066699261777
10.8,8.391694477198733,10.338571994738738,34.924046348600456,5.231234476559308,29.692811872041148,1.7135967920039548,0.09474116598721594,0.11014566599624231
12.05,8.853499500634161,11.215738550017763,35.00534532492996,6.5173879332911895,28.487957391638773,2.1375622499908786,0.1014873750100378,0.11630270798923448
13.3,9.322550967807954,12.165461401908242,34.380675096463534,8.31744694508754,26.063228151375995,2.1547775420040125,0.10487316599756014,0.13149408300523646
14.55,10.141326658086983,13.189228863748568,33.47556886168951,9.059972389253787,24.415596472435723,2.386614582996117,0.10810804199718405,0.12983754200104158
15.8,10.89685458113879,14.150566185730547,32.539513615379704,9.857164125031105,22.6823494903486,2.4414023749995977,0.10848479199921712,0.12245474998780992
17.05,12.328999622055573,15.43212234917352,32.11282946170175,8.184753579465479,23.92807588223627,2.314176416999544,0.12074295899947174,0.13738416699925438
18.3,13.104593008864189,16.524576302138307,31.554551181416514,8.817101612453257,22.737449568963257,2.8531333330029156,0.12665133399423212,0.13814145799551625
19.55,13.626718773928609,17.621522588071006,31.23517544343946,10.127829135306314,21.107346308133145,3.5229236250015674,0.14161937500466593,0.14377745900128502
20.8,14.484334356892735,18.68014188761326,30.36161087929524,10.48496482016408,19.87664605913116,3.7483499169902643,0.13963249999505933,0.15166958299232647
22.05,15.310907836078199,19.684195534049106,29.476809510736558,10.82322186030315,18.65358765043341,3.448301458003698,0.13785600000119302,0.15358520900190342
23.3,16.29804320647918,20.685197886184206,27.992310804971552,10.943839384319503,17.04847142065205,4.001875625006505,0.15354533299978357,0.15981283299333882
24.55,17.05115204392753,21.685657698738286,27.252857531617593,11.343193688518696,15.909663843098897,4.025674625008833,0.1553449159982847,0.1614279159985017
25.8,17.727167047789933,22.597619614214164,26.107051696939138,11.987848449623826,14.119203247315312,4.789276041992707,0.1581269589951262,0.16760475000774022
27.05,18.788672337435223,23.611327212194286,24.411654918008168,11.749045563558383,12.662609354449785,4.69060933298897,0.1631375409924658,0.17270141700282693
28.3,20.171789763126892,24.608842036245942,22.35066337525724,10.573603689743734,11.777059685513507,4.878637457994046,0.16627183300442994,0.17463004200544674
29.55,21.233686749478757,25.610298755265152,21.55043103800425,10.036002058120445,11.514428979883803,4.88619520800421,0.16808612499153242,0.17733024999324698
30.8,23.54785518466006,26.63475354614428,17.676122731560184,6.757075668440308,10.919047063119876,5.050186749998829,0.18465316599758808,0.1852457909990335
32.05,25.236725206587593,27.743400478465876,16.679630005546883,5.104083115915969,11.575546889630914,5.754717542004073,0.18822266699862666,0.18337991599400993
33.3,25.6118440568032,28.85410694520174,17.529931264453225,6.340035594866222,11.189895669587003,6.100376166999922,0.19340437500795815,0.1902516249974724
34.55,27.703057505930303,29.854058709766466,14.864604570650783,3.974167055566255,10.890437515084528,5.638314125011675,0.18275166700186674,0.1939202089997707
35.8,28.455254189607082,30.91946135849064,14.80871770615829,4.343558382043597,10.465159324114694,5.735167082995758,0.18490454100538045,0.19488549999368843
37.05,29.687744982137275,32.04509789831913,14.563158722638065,3.937404068454896,10.625754654183169,6.108376459000283,0.17097000000649132,0.18389549999847077
38.3,31.594438864557084,32.96247883043074,11.806225421788156,2.1844617677014355,9.62176365408672,6.452531208007713,0.16889549999905284,0.16906404099427164
39.0,33.55942931065111,33.559429310651225,9.349908559294391,-1.3813693072961541e-05,9.349922372987464,6.559727708998253,0.1636197500047274,0.15696720901178196
2.05,2.2499999999999982,2.2809220342858287,4.356755337832325,0.007293903984006533,4.349461433848319,0.5739431669935584,0.05641216599906329,0.059166249993722886
3.3,2.9483348861787677,3.3966664293704056,23.926653533792603,0.9547323857596126,22.97192114803299,0.6851588749996154,0.06412591700791381,0.06765895799617283
4.55,3.4968180362367836,4.349361691357737,31.140207962955543,2.638272418437097,28.501935544518446,0.7633239999995567,0.07648712499940302,0.07194245800201315
5.8,4.3564928058737875,5.4628403556243255,34.25764320045583,3.428082630074144,30.829560570381688,0.9240013750095386,0.08364208300190512,0.07983349999994971
7.05,4.961502495309012,6.33066681831223,35.51779361115325,4.63694443023104,30.880849180922212,0.9838719169929391,0.08409762500377838,0.08794504198885988
8.3,5.799512238629662,7.520133427729322,35.93286478906924,5.656907324290259,30.275957464778983,1.217146250011865,0.08519912500923965,0.09660416698898189
9.55,6.444784094112312,8.496052161043927,35.772065024135216,7.235972626656775,28.53609239747844,1.3338049169979058,0.08704533299896866,0.09889420800027438
10.8,7.269658344074253,9.69447542167551,35.707865257323675,7.870827573517971,27.837037683805704,1.5184292500052834,0.09135487499588635,0.11200562499288935
12.05,7.807854507088056,10.67985264799108,34.460310445408496,11.052785214514188,23.407525230894308,1.6209302920033224,0.09419887499825563,0.10549379099393263
13.3,8.88934852930833,11.758963580445078,32.835509399314816,11.23229016424996,21.603219235064856,2.0199773329950403,0.09915779200673569,0.1173427079920657
14.55,10.421758038466624,12.963747870605946,31.42463094439971,8.962266825747946,22.462364118651763,2.2137486659921706,0.10271229200589005,0.12050429200462531
15.8,11.176426072341386,13.929956781460087,30.205889365201486,9.917146389796244,20.288742975405242,2.463426583999535,0.110994375005248,0.1382620410004165
17.05,12.784591011837733,15.14377177054448,28.73243319336285,7.8183822864883155,20.914050906874536,2.9998939579963917,0.12772816700453404,0.1427764580002986
18.3,13.556617771786094,16.33560635085418,29.585277192999072,8.054116269507588,21.531160923491484,3.0122954580001533,0.1377227920020232,0.13480416699894704
19.55,14.38532407177372,17.440920657267995,29.196612968391506,8.4383668334076,20.758246134983906,3.3661829170014244,0.13219341699732468,0.1342443750036182
20.8,15.413724112583873,18.55111772024179,28.192991890702515,8.396156034688403,19.796835856014113,3.256468000006862,0.139216249997844,0.1454831250011921
22.05,16.54182820116041,19.438222303138446,26.454895873574245,7.876051395114203,18.57884447846004,4.274400167007116,0.1441741250018822,0.15174108299834188
23.3,17.44389935040991,20.43860884288324,25.07265291432455,8.098019279113984,16.974633635210566,3.7024624170007883,0.15206866699736565,0.16160866599238943
24.55,18.56137326361445,21.494660531938035,24.053572140863096,7.620135565074705,16.43343657578839,4.497737541998504,0.15430758299771696,0.16260300000431016
25.8,19.76239755508013,22.575493423985385,22.71080937684738,7.072955248915008,15.637854127932371,4.401897458999883,0.16008887499629054,0.1657995830028085
27.05,20.71290156635846,23.65329906213361,22.363819048079932,7.017753919895256,15.346065128184676,4.683542165992549,0.1633410409995122,0.169685415996355
28.3,21.530141308597102,24.78401794665206,22.606234865550675,7.286288919177821,15.319945946372854,4.5792681660095695,0.16472866699041333,0.17257362499367446
29.55,22.33703121952625,25.87764345685185,22.277949406513542,7.590723222501609,14.687226184011934,4.536643958999775,0.16822420801327098,0.17465141700813547
30.8,22.770890647250027,26.863557452140626,22.663025618201758,8.409747404426227,14.25327821377553,4.801510792007321,0.16856049999478273,0.17513912499998696
32.05,24.00432811162287,27.93883017526184,21.510524490147432,7.813688563703764,13.696835926443669,5.009404459007783,0.17993737499637064,0.18014879200200085
33.3,26.26236528274162,29.140040411349442,19.304088959688585,5.430473107218489,13.873615852470095,5.297205666007358,0.18052145899855532,0.18610287499905098
34.55,27.679391113035134,30.18800667916631,17.312422576680518,4.51929643458115,12.793126142099368,5.968149499996798,0.18840766701032408,0.19293079200724605
35.8,29.728815149774874,31.155171753440406,14.32663971025812,2.4366467970101553,11.889992913247966,6.240553915995406,0.18153000000165775,0.19514266699843574
37.05,30.289770564745936,32.14299885770061,14.362649632202533,3.056071887091065,11.306577745111468,6.291564957995433,0.17257545799657237,0.18224812499829568
38.3,32.323243185767915,33.09728360766948,11.212464012515312,1.2108963678279565,10.001567644687356,5.913108959008241,0.16979916700802278,0.16803804099617992
39.0,33.55942931065111,33.559429310651225,9.349908559294391,-1.3813693072961541e-05,9.349922372987464,6.624810375011293,0.1634027919935761,0.15674541699991096
